Codigo de Atendimento;Clínica ;CPF ;Data;Dia;Tempo de Espera em minutos ;Tipo de Exame ;Horario Agendamento;Turno
1;CLIEDA;45097947156;06/ago;Qua;18;Exames de urina;13:00:00;Tarde
2;CLIEDA;40283494256;07/ago;Qui;28;Exames de retina;15:00:00;Tarde
3;CLIDRI;48123504259;08/ago;Sex;7;Exames de sangue;12:00:00;Manhã 
4;CLIGIA;30323032725;08/ago;Sex;13;Raio-x do tórax;13:00:00;Tarde
5;CLIDRI;98545784688;07/ago;Qui;24;Exames de urina;13:00:00;Tarde
6;CLIEDA;13853475855;08/ago;Sex;29;Exames de retina;13:00:00;Tarde
7;CLIGIA;64397869087;06/ago;Qua;19;Exames de sangue;10:00:00;Manhã 
8;CLIGIA;51367868815;05/ago;Ter;16;Exames de sangue;14:00:00;Tarde
9;CLIDRI;47850829455;05/ago;Ter;27;Testes de Covid;15:00:00;Tarde
10;CLIGIA;34193062998;07/ago;Qui;16;Exames de urina;15:00:00;Tarde
11;CLIEDA;74300634756;06/ago;Qua;28;Exames de sangue;12:00:00;Manhã 
12;CLIDRI;16033629880;07/ago;Qui;12;Exames de retina;12:00:00;Manhã 
13;CLIGIA;43270151314;04/ago;Seg;24;Raio-x do tórax;15:00:00;Tarde
14;CLIGIA;29611202372;04/ago;Seg;29;Exames de urina;09:00:00;Manhã 
15;CLIEDA;65669238005;07/ago;Qui;12;Raio-x do tórax;10:00:00;Manhã 
16;CLIDRI;97527768291;06/ago;Qua;23;Exames de sangue;13:00:00;Tarde
17;CLIGIA;36778576982;04/ago;Seg;15;Exames de urina;08:00:00;Manhã 
18;CLIDRI;96742237954;08/ago;Sex;14;Exames de urina;11:00:00;Manhã 
19;CLIDRI;66316027237;07/ago;Qui;17;Exames de retina;13:00:00;Tarde
20;CLIGIA;83993288390;04/ago;Seg;11;Exames de retina;14:00:00;Tarde
21;CLIEDA;20871468722;04/ago;Seg;22;Testes de Covid;08:00:00;Manhã 
22;CLIDRI;44461316464;06/ago;Qua;28;Raio-x do tórax;11:00:00;Manhã 
23;CLIEDA;60002142421;05/ago;Ter;7;Exames de urina;12:00:00;Manhã 
24;CLIEDA;49188739812;04/ago;Seg;9;Raio-x do tórax;16:00:00;Tarde
25;CLIEDA;47910278175;06/ago;Qua;9;Exames de retina;13:00:00;Tarde
26;CLIDRI;20072375451;05/ago;Ter;7;Testes de Covid;12:00:00;Manhã 
27;CLIGIA;79499241062;05/ago;Ter;26;Exames de sangue;15:00:00;Tarde
28;CLIDRI;40290175181;06/ago;Qua;23;Raio-x do tórax;10:00:00;Manhã 
29;CLIDRI;69194204975;07/ago;Qui;30;Exames de retina;09:00:00;Manhã 
30;CLIEDA;66929861236;08/ago;Sex;28;Testes de Covid;11:00:00;Manhã 
31;CLIGIA;22531509528;08/ago;Sex;15;Exames de urina;08:00:00;Manhã 
32;CLIEDA;47656229252;04/ago;Seg;22;Exames de retina;11:00:00;Manhã 
33;CLIDRI;98805550084;04/ago;Seg;25;Raio-x do tórax;17:00:00;Tarde
34;CLIGIA;82556133689;05/ago;Ter;29;Testes de Covid;10:00:00;Manhã 
35;CLIGIA;85817498131;08/ago;Sex;21;Testes de Covid;08:00:00;Manhã 
36;CLIEDA;96837155536;07/ago;Qui;13;Exames de retina;13:00:00;Tarde
37;CLIGIA;90332626780;05/ago;Ter;21;Raio-x do tórax;14:00:00;Tarde
38;CLIEDA;39259554456;04/ago;Seg;28;Exames de sangue;17:00:00;Tarde
39;CLIEDA;31824803774;05/ago;Ter;20;Exames de retina;09:00:00;Manhã 
40;CLIDRI;38840892985;04/ago;Seg;26;Exames de retina;17:00:00;Tarde
41;CLIDRI;41752416259;05/ago;Ter;16;Exames de urina;08:00:00;Manhã 
42;CLIGIA;51614714579;06/ago;Qua;18;Testes de Covid;11:00:00;Manhã 
43;CLIDRI;88920418377;07/ago;Qui;12;Exames de urina;08:00:00;Manhã 
44;CLIGIA;52027273824;07/ago;Qui;23;Exames de urina;11:00:00;Manhã 
45;CLIGIA;78834392970;05/ago;Ter;26;Testes de Covid;13:00:00;Tarde
46;CLIGIA;19549209546;07/ago;Qui;18;Exames de sangue;14:00:00;Tarde
47;CLIGIA;93294311448;04/ago;Seg;11;Exames de sangue;12:00:00;Manhã 
48;CLIEDA;44431299981;06/ago;Qua;20;Raio-x do tórax;14:00:00;Tarde
49;CLIDRI;19318061240;07/ago;Qui;15;Raio-x do tórax;12:00:00;Manhã 
50;CLIGIA;57071052688;05/ago;Ter;5;Exames de sangue;10:00:00;Manhã 
51;CLIGIA;32994810657;06/ago;Qua;6;Testes de Covid;17:00:00;Tarde
52;CLIGIA;25582582243;04/ago;Seg;22;Exames de retina;12:00:00;Manhã 
53;CLIDRI;18764341122;05/ago;Ter;16;Exames de urina;10:00:00;Manhã 
54;CLIEDA;60886564316;04/ago;Seg;17;Exames de urina;15:00:00;Tarde
55;CLIGIA;54374398988;05/ago;Ter;15;Testes de Covid;11:00:00;Manhã 
56;CLIEDA;84606592129;05/ago;Ter;8;Exames de sangue;08:00:00;Manhã 
57;CLIEDA;72473721567;07/ago;Qui;21;Exames de urina;11:00:00;Manhã 
58;CLIEDA;18572232274;05/ago;Ter;15;Exames de sangue;09:00:00;Manhã 
59;CLIEDA;32314541797;07/ago;Qui;18;Raio-x do tórax;14:00:00;Tarde
60;CLIGIA;61209449606;07/ago;Qui;27;Raio-x do tórax;08:00:00;Manhã 
61;CLIDRI;76437067938;08/ago;Sex;29;Exames de retina;15:00:00;Tarde
62;CLIDRI;61194600613;08/ago;Sex;18;Exames de sangue;08:00:00;Manhã 
63;CLIEDA;12485787631;08/ago;Sex;7;Exames de sangue;15:00:00;Tarde
64;CLIGIA;14314751893;07/ago;Qui;22;Exames de urina;17:00:00;Tarde
65;CLIGIA;24912669440;08/ago;Sex;7;Exames de sangue;10:00:00;Manhã 
66;CLIDRI;65888761013;08/ago;Sex;7;Exames de retina;11:00:00;Manhã 
67;CLIEDA;66721422277;08/ago;Sex;9;Exames de urina;08:00:00;Manhã 
68;CLIDRI;97649417068;08/ago;Sex;10;Exames de sangue;15:00:00;Tarde
69;CLIEDA;86515516610;08/ago;Sex;18;Raio-x do tórax;10:00:00;Manhã 
70;CLIEDA;19477019411;07/ago;Qui;22;Testes de Covid;09:00:00;Manhã 
71;CLIEDA;14015338594;07/ago;Qui;20;Exames de urina;10:00:00;Manhã 
72;CLIGIA;39759147737;08/ago;Sex;28;Testes de Covid;09:00:00;Manhã 
73;CLIGIA;28243081579;08/ago;Sex;13;Testes de Covid;13:00:00;Tarde
74;CLIDRI;76298835314;07/ago;Qui;15;Raio-x do tórax;10:00:00;Manhã 
75;CLIGIA;96061893921;07/ago;Qui;6;Testes de Covid;15:00:00;Tarde
76;CLIDRI;85529830763;07/ago;Qui;8;Exames de urina;08:00:00;Manhã 
77;CLIEDA;47388689078;08/ago;Sex;10;Raio-x do tórax;16:00:00;Tarde
78;CLIDRI;92414105572;07/ago;Qui;12;Exames de urina;17:00:00;Tarde
79;CLIEDA;18113945735;08/ago;Sex;9;Exames de urina;08:00:00;Manhã 
80;CLIDRI;90320960639;08/ago;Sex;14;Exames de retina;12:00:00;Manhã 
81;CLIGIA;25220977815;07/ago;Qui;28;Raio-x do tórax;15:00:00;Tarde
82;CLIEDA;89884205526;08/ago;Sex;27;Exames de retina;11:00:00;Manhã 
83;CLIEDA;16175590610;07/ago;Qui;15;Exames de sangue;16:00:00;Tarde
84;CLIEDA;81558464525;08/ago;Sex;21;Exames de retina;11:00:00;Manhã 
85;CLIEDA;23878272351;07/ago;Qui;10;Testes de Covid;15:00:00;Tarde
86;CLIEDA;93530010513;08/ago;Sex;7;Exames de urina;10:00:00;Manhã 
87;CLIEDA;98735472184;08/ago;Sex;17;Raio-x do tórax;09:00:00;Manhã 
88;CLIEDA;11192615043;08/ago;Sex;25;Testes de Covid;14:00:00;Tarde
89;CLIEDA;13402155482;08/ago;Sex;27;Raio-x do tórax;10:00:00;Manhã 
90;CLIEDA;65023792764;07/ago;Qui;15;Exames de sangue;10:00:00;Manhã 
91;CLIEDA;50144853013;07/ago;Qui;60;Raio-x do tórax;16:00:00;Tarde
92;CLIEDA;66115679237;08/ago;Sex;19;Testes de Covid;12:00:00;Manhã 
93;CLIEDA;18756698912;07/ago;Qui;9;Testes de Covid;16:00:00;Tarde
94;CLIEDA;34396642357;05/ago;Ter;17;Testes de Covid;12:00:00;Manhã 
95;CLIEDA;23111293615;08/ago;Sex;12;Exames de urina;08:00:00;Manhã 
96;CLIEDA;56203378632;05/ago;Ter;21;Testes de Covid;09:00:00;Manhã 
97;CLIEDA;61213667594;04/ago;Seg;30;Exames de retina;15:00:00;Tarde
98;CLIEDA;89891873367;05/ago;Ter;6;Exames de urina;08:00:00;Manhã 
99;CLIEDA;12565684961;04/ago;Seg;12;Raio-x do tórax;11:00:00;Manhã 
100;CLIEDA;20488804998;08/ago;Sex;15;Raio-x do tórax;11:00:00;Manhã 
101;CLIEDA;89686831031;07/ago;Qui;30;Raio-x do tórax;11:00:00;Manhã 
102;CLIEDA;11988888265;08/ago;Sex;13;Raio-x do tórax;11:00:00;Manhã 
103;CLIEDA;37962647829;05/ago;Ter;26;Raio-x do tórax;11:00:00;Manhã 
104;CLIEDA;19059040849;04/ago;Seg;28;Raio-x do tórax;11:00:00;Manhã 
105;CLIEDA;38556237437;08/ago;Sex;12;Raio-x do tórax;11:00:00;Manhã 
106;CLIEDA;78067841284;08/ago;Sex;24;Raio-x do tórax;17:00:00;Tarde
107;CLIEDA;77244074687;07/ago;Qui;25;Raio-x do tórax;13:00:00;Tarde
108;CLIEDA;19928185927;04/ago;Seg;12;Raio-x do tórax;17:00:00;Tarde
109;CLIDRI;56129952102;07/ago;Qui;11;Raio-x do tórax;10:00:00;Manhã 
110;CLIDRI;74764255851;05/ago;Ter;21;Raio-x do tórax;09:00:00;Manhã 
111;CLIEDA;72982737475;05/ago;Ter;59;Raio-x do tórax;16:00:00;Tarde
112;CLIDRI;17040645079;08/ago;Sex;5;Raio-x do tórax;11:00:00;Manhã 
113;CLIGIA;11999628279;06/ago;Qua;0;Raio-x do tórax;17:00:00;Tarde
114;CLIDRI;58537443036;04/ago;Seg;24;Testes de Covid;08:00:00;Manhã 
115;CLIGIA;93910311147;05/ago;Ter;10;Exames de urina;09:00:00;Manhã 
116;CLIGIA;50843445662;05/ago;Ter;25;Exames de sangue;16:00:00;Tarde
117;CLIGIA;48987919870;04/ago;Seg;20;Exames de urina;14:00:00;Tarde
118;CLIEDA;14634912404;08/ago;Sex;10;Exames de retina;09:00:00;Manhã 
119;CLIDRI;90187316185;06/ago;Qua;12;Exames de sangue;16:00:00;Tarde
120;CLIGIA;55964008564;04/ago;Seg;28;Testes de Covid;09:00:00;Manhã 
121;CLIGIA;89941358608;04/ago;Seg;29;Raio-x do tórax;08:00:00;Manhã 
122;CLIDRI;17769005561;06/ago;Qua;12;Exames de urina;15:00:00;Tarde
123;CLIDRI;73982618188;07/ago;Qui;21;Exames de sangue;10:00:00;Manhã 
124;CLIGIA;55021959932;06/ago;Qua;8;Testes de Covid;13:00:00;Tarde
125;CLIGIA;39596403401;07/ago;Qui;30;Exames de urina;09:00:00;Manhã 
126;CLIEDA;72468885523;04/ago;Seg;28;Exames de sangue;12:00:00;Manhã 
127;CLIEDA;74292456446;08/ago;Sex;13;Testes de Covid;13:00:00;Tarde
128;CLIEDA;54343128357;06/ago;Qua;20;Exames de urina;10:00:00;Manhã 
129;CLIGIA;24644235513;04/ago;Seg;12;Testes de Covid;17:00:00;Tarde
130;CLIEDA;54518378547;05/ago;Ter;25;Testes de Covid;11:00:00;Manhã 
131;CLIGIA;53475345130;04/ago;Seg;24;Exames de urina;17:00:00;Tarde
132;CLIDRI;42222203802;05/ago;Ter;9;Testes de Covid;09:00:00;Manhã 
133;CLIDRI;86872483930;06/ago;Qua;14;Exames de urina;11:00:00;Manhã 
134;CLIDRI;95930652551;05/ago;Ter;5;Exames de sangue;09:00:00;Manhã 
135;CLIDRI;71403658521;06/ago;Qua;14;Exames de sangue;12:00:00;Manhã 
136;CLIEDA;44459634407;05/ago;Ter;9;Raio-x do tórax;15:00:00;Tarde
137;CLIGIA;82734938459;04/ago;Seg;29;Raio-x do tórax;08:00:00;Manhã 
138;CLIEDA;52787004832;07/ago;Qui;22;Raio-x do tórax;12:00:00;Manhã 
139;CLIDRI;17151974464;05/ago;Ter;7;Exames de urina;10:00:00;Manhã 
140;CLIEDA;95232703240;06/ago;Qua;20;Exames de urina;12:00:00;Manhã 
141;CLIDRI;65348124538;08/ago;Sex;30;Raio-x do tórax;09:00:00;Manhã 
142;CLIDRI;37757061110;04/ago;Seg;27;Exames de urina;11:00:00;Manhã 
143;CLIDRI;79630992768;04/ago;Seg;6;Testes de Covid;11:00:00;Manhã 
144;CLIEDA;37394116068;06/ago;Qua;5;Exames de sangue;08:00:00;Manhã 
145;CLIDRI;72393698756;04/ago;Seg;8;Exames de sangue;10:00:00;Manhã 
146;CLIGIA;89571581980;04/ago;Seg;12;Exames de retina;09:00:00;Manhã 
147;CLIGIA;80704456034;06/ago;Qua;23;Exames de retina;09:00:00;Manhã 
148;CLIEDA;46647897202;07/ago;Qui;17;Testes de Covid;09:00:00;Manhã 
149;CLIEDA;18033772556;05/ago;Ter;23;Exames de retina;16:00:00;Tarde
150;CLIDRI;28725283259;07/ago;Qui;8;Exames de retina;13:00:00;Tarde
151;CLIDRI;72739026462;08/ago;Sex;27;Exames de urina;12:00:00;Manhã 
152;CLIGIA;59676785327;07/ago;Qui;13;Exames de urina;12:00:00;Manhã 
153;CLIGIA;79077757631;05/ago;Ter;7;Exames de urina;12:00:00;Manhã 
154;CLIDRI;35355418652;06/ago;Qua;5;Testes de Covid;12:00:00;Manhã 
155;CLIGIA;48477026355;07/ago;Qui;24;Raio-x do tórax;08:00:00;Manhã 
156;CLIGIA;64609372905;05/ago;Ter;23;Raio-x do tórax;16:00:00;Tarde
157;CLIGIA;47404816081;07/ago;Qui;19;Exames de urina;13:00:00;Tarde
158;CLIDRI;72193656395;05/ago;Ter;23;Testes de Covid;15:00:00;Tarde
159;CLIDRI;57862810041;06/ago;Qua;14;Raio-x do tórax;13:00:00;Tarde
160;CLIEDA;58938872869;08/ago;Sex;28;Exames de retina;09:00:00;Manhã 
161;CLIEDA;30153599467;04/ago;Seg;9;Exames de retina;13:00:00;Tarde
162;CLIDRI;17351069880;08/ago;Sex;24;Exames de retina;12:00:00;Manhã 
163;CLIGIA;52098878077;05/ago;Ter;14;Exames de sangue;09:00:00;Manhã 
164;CLIGIA;33309272635;06/ago;Qua;28;Testes de Covid;16:00:00;Tarde
165;CLIEDA;38030776952;06/ago;Qua;18;Exames de sangue;09:00:00;Manhã 
166;CLIGIA;72166736243;05/ago;Ter;27;Raio-x do tórax;09:00:00;Manhã 
167;CLIEDA;36959637403;04/ago;Seg;6;Testes de Covid;13:00:00;Tarde
168;CLIGIA;91037160506;04/ago;Seg;25;Testes de Covid;09:00:00;Manhã 
169;CLIDRI;57710188524;05/ago;Ter;6;Raio-x do tórax;15:00:00;Tarde
170;CLIEDA;72540148287;07/ago;Qui;11;Exames de sangue;15:00:00;Tarde
171;CLIEDA;99050181036;06/ago;Qua;12;Exames de retina;10:00:00;Manhã 
172;CLIEDA;92774490459;04/ago;Seg;5;Exames de sangue;11:00:00;Manhã 
173;CLIDRI;94177654947;07/ago;Qui;19;Raio-x do tórax;09:00:00;Manhã 
174;CLIDRI;37729796818;05/ago;Ter;16;Exames de urina;14:00:00;Tarde
175;CLIDRI;99392983848;04/ago;Seg;28;Exames de urina;09:00:00;Manhã 
176;CLIGIA;37663856963;08/ago;Sex;15;Exames de urina;08:00:00;Manhã 
177;CLIEDA;84934849483;05/ago;Ter;10;Testes de Covid;11:00:00;Manhã 
178;CLIGIA;36909672198;08/ago;Sex;16;Raio-x do tórax;14:00:00;Tarde
179;CLIDRI;11599110593;06/ago;Qua;9;Exames de urina;09:00:00;Manhã 
180;CLIGIA;25029657483;06/ago;Qua;16;Testes de Covid;16:00:00;Tarde
181;CLIGIA;19527346404;06/ago;Qua;20;Exames de retina;16:00:00;Tarde
182;CLIDRI;78184925147;06/ago;Qua;26;Exames de retina;16:00:00;Tarde
183;CLIGIA;23985835972;08/ago;Sex;29;Exames de retina;16:00:00;Tarde
184;CLIDRI;84176929108;08/ago;Sex;7;Exames de sangue;17:00:00;Tarde
185;CLIDRI;38946164737;05/ago;Ter;18;Raio-x do tórax;08:00:00;Manhã 
186;CLIEDA;44284977520;06/ago;Qua;6;Exames de sangue;17:00:00;Tarde
187;CLIDRI;62402263171;08/ago;Sex;16;Exames de retina;17:00:00;Tarde
188;CLIGIA;53568477116;07/ago;Qui;23;Exames de retina;09:00:00;Manhã 
189;CLIEDA;34352781914;08/ago;Sex;27;Exames de retina;16:00:00;Tarde
190;CLIEDA;31487651796;06/ago;Qua;30;Raio-x do tórax;16:00:00;Tarde
191;CLIGIA;30037501144;08/ago;Sex;24;Raio-x do tórax;10:00:00;Manhã 
192;CLIEDA;57647589365;07/ago;Qui;14;Testes de Covid;11:00:00;Manhã 
193;CLIDRI;24313383822;08/ago;Sex;28;Exames de sangue;17:00:00;Tarde
194;CLIDRI;62990952680;06/ago;Qua;23;Exames de sangue;15:00:00;Tarde
195;CLIDRI;32701555378;08/ago;Sex;7;Raio-x do tórax;15:00:00;Tarde
196;CLIDRI;67237620500;06/ago;Qua;19;Raio-x do tórax;14:00:00;Tarde
197;CLIEDA;49865831928;06/ago;Qua;19;Exames de urina;13:00:00;Tarde
198;CLIDRI;56726231097;08/ago;Sex;22;Exames de urina;15:00:00;Tarde
199;CLIGIA;71184576521;06/ago;Qua;14;Testes de Covid;08:00:00;Manhã 
200;CLIGIA;44532623768;04/ago;Seg;12;Exames de retina;12:00:00;Manhã 
201;CLIEDA;36390123920;04/ago;Seg;17;Exames de sangue;11:00:00;Manhã 
202;CLIDRI;67306095217;05/ago;Ter;28;Raio-x do tórax;08:00:00;Manhã 
203;CLIGIA;12700914448;06/ago;Qua;13;Testes de Covid;08:00:00;Manhã 
204;CLIDRI;95403445730;04/ago;Seg;21;Exames de sangue;08:00:00;Manhã 
205;CLIDRI;35735281756;07/ago;Qui;14;Exames de sangue;16:00:00;Tarde
206;CLIDRI;78632820535;08/ago;Sex;19;Exames de sangue;11:00:00;Manhã 
207;CLIEDA;32691969278;04/ago;Seg;21;Exames de sangue;11:00:00;Manhã 
208;CLIGIA;31503984351;06/ago;Qua;26;Exames de retina;08:00:00;Manhã 
209;CLIDRI;45343911494;07/ago;Qui;18;Testes de Covid;10:00:00;Manhã 
210;CLIGIA;85178880460;05/ago;Ter;30;Exames de retina;16:00:00;Tarde
211;CLIEDA;61727278151;04/ago;Seg;5;Exames de retina;13:00:00;Tarde
212;CLIGIA;52088747246;06/ago;Qua;14;Exames de sangue;12:00:00;Manhã 
213;CLIGIA;34476616990;08/ago;Sex;23;Exames de retina;09:00:00;Manhã 
214;CLIEDA;91660070005;05/ago;Ter;9;Exames de urina;10:00:00;Manhã 
215;CLIDRI;51215151558;08/ago;Sex;20;Exames de sangue;13:00:00;Tarde
216;CLIGIA;38956535109;08/ago;Sex;16;Exames de sangue;14:00:00;Tarde
217;CLIEDA;25861718418;08/ago;Sex;30;Testes de Covid;15:00:00;Tarde
218;CLIDRI;77491583808;06/ago;Qua;7;Raio-x do tórax;09:00:00;Manhã 
219;CLIDRI;99428270139;06/ago;Qua;12;Raio-x do tórax;12:00:00;Manhã 
220;CLIDRI;61623145074;07/ago;Qui;16;Exames de retina;12:00:00;Manhã 
221;CLIEDA;55428256954;05/ago;Ter;12;Exames de sangue;17:00:00;Tarde
222;CLIGIA;12388428007;05/ago;Ter;16;Raio-x do tórax;14:00:00;Tarde
223;CLIDRI;33054381293;07/ago;Qui;20;Testes de Covid;11:00:00;Manhã 
224;CLIEDA;46041048451;08/ago;Sex;8;Exames de sangue;17:00:00;Tarde
225;CLIDRI;62548964794;04/ago;Seg;17;Exames de sangue;13:00:00;Tarde
226;CLIGIA;16722063944;08/ago;Sex;11;Exames de urina;14:00:00;Tarde
227;CLIGIA;55515689674;08/ago;Sex;16;Testes de Covid;10:00:00;Manhã 
228;CLIDRI;34117145307;08/ago;Sex;17;Exames de retina;13:00:00;Tarde
229;CLIGIA;58284912497;04/ago;Seg;15;Raio-x do tórax;14:00:00;Tarde
230;CLIEDA;84525882906;07/ago;Qui;5;Testes de Covid;11:00:00;Manhã 
231;CLIDRI;32081675828;05/ago;Ter;8;Exames de urina;13:00:00;Tarde
232;CLIGIA;46699656032;07/ago;Qui;9;Raio-x do tórax;13:00:00;Tarde
233;CLIDRI;79030426862;07/ago;Qui;10;Testes de Covid;12:00:00;Manhã 
234;CLIDRI;63592506591;07/ago;Qui;16;Exames de urina;08:00:00;Manhã 
235;CLIGIA;60117107440;07/ago;Qui;11;Exames de urina;14:00:00;Tarde
236;CLIDRI;61773128267;07/ago;Qui;10;Testes de Covid;15:00:00;Tarde
237;CLIEDA;73534270518;07/ago;Qui;8;Exames de urina;12:00:00;Manhã 
238;CLIGIA;74258791841;07/ago;Qui;13;Testes de Covid;17:00:00;Tarde
239;CLIEDA;79164418493;07/ago;Qui;6;Exames de sangue;10:00:00;Manhã 
240;CLIGIA;95942889501;07/ago;Qui;10;Exames de sangue;11:00:00;Manhã 
241;CLIDRI;11422566160;05/ago;Ter;19;Testes de Covid;16:00:00;Tarde
242;CLIEDA;31878672916;05/ago;Ter;6;Testes de Covid;10:00:00;Manhã 
243;CLIDRI;23349262451;05/ago;Ter;20;Exames de sangue;15:00:00;Tarde
244;CLIDRI;21218951005;04/ago;Seg;9;Exames de sangue;12:00:00;Manhã 
245;CLIDRI;38112896695;06/ago;Qua;18;Exames de urina;14:00:00;Tarde
246;CLIEDA;49392448689;08/ago;Sex;19;Exames de urina;08:00:00;Manhã 
247;CLIDRI;29196803755;04/ago;Seg;8;Exames de retina;08:00:00;Manhã 
248;CLIEDA;58192981020;08/ago;Sex;8;Exames de sangue;08:00:00;Manhã 
249;CLIEDA;22230534725;04/ago;Seg;18;Testes de Covid;17:00:00;Tarde
250;CLIEDA;20588218541;08/ago;Sex;15;Exames de sangue;14:00:00;Tarde
251;CLIEDA;38541859478;04/ago;Seg;28;Raio-x do tórax;11:00:00;Manhã 
252;CLIEDA;51590235906;04/ago;Seg;6;Raio-x do tórax;15:00:00;Tarde
253;CLIDRI;67380430063;06/ago;Qua;10;Raio-x do tórax;14:00:00;Tarde
254;CLIGIA;89086121159;07/ago;Qui;0;Raio-x do tórax;17:00:00;Tarde
255;CLIEDA;49848512228;07/ago;Qui;20;Exames de retina;10:00:00;Manhã 
256;CLIDRI;57448354550;04/ago;Seg;6;Raio-x do tórax;12:00:00;Manhã 
257;CLIGIA;62918926829;05/ago;Ter;13;Raio-x do tórax;14:00:00;Tarde
258;CLIEDA;62599219068;08/ago;Sex;16;Testes de Covid;09:00:00;Manhã 
259;CLIEDA;78122055117;05/ago;Ter;17;Testes de Covid;14:00:00;Tarde
260;CLIEDA;29825695928;07/ago;Qui;18;Raio-x do tórax;11:00:00;Manhã 
261;CLIDRI;35320513699;08/ago;Sex;20;Exames de sangue;13:00:00;Tarde
262;CLIEDA;78084608307;04/ago;Seg;14;Testes de Covid;10:00:00;Manhã 
263;CLIGIA;14111121857;05/ago;Ter;15;Exames de retina;15:00:00;Tarde
264;CLIGIA;45257163471;07/ago;Qui;15;Raio-x do tórax;11:00:00;Manhã 
265;CLIDRI;80657706194;07/ago;Qui;12;Exames de retina;11:00:00;Manhã 
266;CLIDRI;88828334385;08/ago;Sex;20;Exames de retina;13:00:00;Tarde
267;CLIEDA;91112857653;05/ago;Ter;18;Raio-x do tórax;08:00:00;Manhã 
268;CLIGIA;28302405337;06/ago;Qua;19;Raio-x do tórax;16:00:00;Tarde
269;CLIGIA;60346466656;05/ago;Ter;20;Exames de urina;08:00:00;Manhã 
270;CLIEDA;35026217312;05/ago;Ter;15;Testes de Covid;10:00:00;Manhã 
271;CLIGIA;63516044249;06/ago;Qua;8;Exames de retina;17:00:00;Tarde
272;CLIDRI;60954437283;07/ago;Qui;6;Raio-x do tórax;10:00:00;Manhã 
273;CLIGIA;32546364164;07/ago;Qui;5;Raio-x do tórax;12:00:00;Manhã 
274;CLIEDA;27251642349;07/ago;Qui;19;Testes de Covid;13:00:00;Tarde
275;CLIGIA;16556240459;07/ago;Qui;6;Exames de sangue;13:00:00;Tarde
276;CLIGIA;16387241746;07/ago;Qui;11;Exames de sangue;16:00:00;Tarde
277;CLIGIA;91573162125;07/ago;Qui;15;Raio-x do tórax;12:00:00;Manhã 
278;CLIDRI;77362476039;07/ago;Qui;7;Exames de sangue;09:00:00;Manhã 
279;CLIEDA;71943306116;07/ago;Qui;9;Exames de urina;17:00:00;Tarde
280;CLIDRI;59561213122;07/ago;Qui;5;Raio-x do tórax;10:00:00;Manhã 
281;CLIGIA;66484051750;07/ago;Qui;8;Exames de retina;10:00:00;Manhã 
282;CLIEDA;54416957769;08/ago;Sex;11;Exames de urina;14:00:00;Tarde
283;CLIGIA;35967362901;08/ago;Sex;16;Exames de sangue;15:00:00;Tarde
284;CLIDRI;47434663448;08/ago;Sex;17;Raio-x do tórax;12:00:00;Manhã 
285;CLIGIA;87986450710;08/ago;Sex;5;Exames de sangue;15:00:00;Tarde
286;CLIDRI;89268764818;08/ago;Sex;14;Exames de urina;11:00:00;Manhã 
287;CLIGIA;71164410367;08/ago;Sex;19;Exames de urina;15:00:00;Tarde
288;CLIEDA;92783416019;08/ago;Sex;20;Exames de urina;17:00:00;Tarde
289;CLIGIA;61790675342;08/ago;Sex;10;Exames de retina;12:00:00;Manhã 
290;CLIGIA;92708142188;08/ago;Sex;14;Testes de Covid;16:00:00;Tarde
291;CLIDRI;32969259488;08/ago;Sex;10;Exames de urina;08:00:00;Manhã 
292;CLIGIA;33756168646;08/ago;Sex;14;Raio-x do tórax;08:00:00;Manhã 
293;CLIGIA;15012233099;08/ago;Sex;10;Raio-x do tórax;08:00:00;Manhã 
294;CLIGIA;87463534742;08/ago;Sex;11;Testes de Covid;12:00:00;Manhã 
295;CLIGIA;91808633775;08/ago;Sex;7;Exames de retina;11:00:00;Manhã 
296;CLIGIA;76414072176;08/ago;Sex;17;Raio-x do tórax;08:00:00;Manhã 
297;CLIEDA;80527065226;08/ago;Sex;17;Exames de urina;09:00:00;Manhã 
298;CLIEDA;78900439630;08/ago;Sex;19;Testes de Covid;13:00:00;Tarde
299;CLIGIA;40927462332;08/ago;Sex;16;Raio-x do tórax;08:00:00;Manhã 
300;CLIGIA;83174527966;08/ago;Sex;11;Testes de Covid;13:00:00;Tarde
301;CLIEDA;22818770593;07/ago;Qui;9;Exames de urina;17:00:00;Tarde
302;CLIGIA;16389217287;06/ago;Qua;8;Testes de Covid;12:00:00;Manhã 
303;CLIDRI;42095379977;07/ago;Qui;18;Exames de urina;17:00:00;Tarde
304;CLIEDA;88424998721;06/ago;Qua;9;Exames de retina;14:00:00;Tarde
305;CLIDRI;78369400576;05/ago;Ter;10;Raio-x do tórax;15:00:00;Tarde
306;CLIDRI;14673090751;04/ago;Seg;13;Exames de urina;08:00:00;Manhã 
307;CLIGIA;87166447823;05/ago;Ter;7;Raio-x do tórax;10:00:00;Manhã 
308;CLIGIA;60560992731;08/ago;Sex;19;Raio-x do tórax;13:00:00;Tarde
309;CLIEDA;45176599650;07/ago;Qui;15;Testes de Covid;11:00:00;Manhã 
310;CLIEDA;84410192604;04/ago;Seg;15;Testes de Covid;08:00:00;Manhã 
311;CLIEDA;48448917340;07/ago;Qui;8;Exames de retina;14:00:00;Tarde
312;CLIGIA;71939688607;05/ago;Ter;5;Exames de retina;16:00:00;Tarde
313;CLIDRI;57977986308;06/ago;Qua;12;Exames de urina;17:00:00;Tarde
314;CLIGIA;26182668153;08/ago;Sex;7;Exames de sangue;08:00:00;Manhã 
315;CLIDRI;95441214794;07/ago;Qui;18;Exames de sangue;17:00:00;Tarde
316;CLIEDA;47638190570;07/ago;Qui;14;Exames de retina;09:00:00;Manhã 
317;CLIEDA;40773477856;06/ago;Qua;17;Exames de retina;14:00:00;Tarde
318;CLIEDA;56787993150;06/ago;Qua;10;Exames de sangue;17:00:00;Tarde
319;CLIGIA;24221406995;04/ago;Seg;14;Exames de retina;15:00:00;Tarde
320;CLIGIA;22962665909;08/ago;Sex;16;Raio-x do tórax;11:00:00;Manhã 
321;CLIEDA;97620049976;04/ago;Seg;28;Raio-x do tórax;11:00:00;Manhã 
322;CLIGIA;59781052824;07/ago;Qui;13;Raio-x do tórax;08:00:00;Manhã 
323;CLIGIA;31277543842;06/ago;Qua;18;Exames de sangue;13:00:00;Tarde
324;CLIDRI;38200315838;05/ago;Ter;6;Exames de retina;10:00:00;Manhã 
325;CLIEDA;50412799498;05/ago;Ter;20;Exames de retina;08:00:00;Manhã 
326;CLIGIA;22572736944;05/ago;Ter;5;Testes de Covid;12:00:00;Manhã 
327;CLIDRI;49494724179;07/ago;Qui;6;Exames de sangue;11:00:00;Manhã 
328;CLIDRI;76188113212;04/ago;Seg;5;Exames de sangue;17:00:00;Tarde
329;CLIGIA;20371972902;04/ago;Seg;8;Exames de sangue;09:00:00;Manhã 
330;CLIEDA;24968422139;06/ago;Qua;12;Exames de urina;14:00:00;Tarde
331;CLIEDA;11680538363;05/ago;Ter;14;Exames de urina;12:00:00;Manhã 
332;CLIDRI;65168222360;06/ago;Qua;6;Testes de Covid;11:00:00;Manhã 
333;CLIEDA;57006891468;07/ago;Qui;7;Exames de retina;10:00:00;Manhã 
334;CLIGIA;87262253650;07/ago;Qui;5;Exames de urina;14:00:00;Tarde
335;CLIGIA;95712338183;07/ago;Qui;7;Exames de retina;16:00:00;Tarde
336;CLIDRI;69082689383;07/ago;Qui;15;Exames de retina;12:00:00;Manhã 
337;CLIEDA;52330914250;05/ago;Ter;5;Exames de sangue;12:00:00;Manhã 
338;CLIEDA;95233765906;04/ago;Seg;19;Exames de sangue;12:00:00;Manhã 
339;CLIGIA;80005152760;07/ago;Qui;7;Exames de urina;10:00:00;Manhã 
340;CLIEDA;18743196371;04/ago;Seg;12;Exames de sangue;17:00:00;Tarde
341;CLIEDA;27559530866;06/ago;Qua;6;Exames de urina;12:00:00;Manhã 
342;CLIDRI;44289559151;07/ago;Qui;17;Exames de retina;10:00:00;Manhã 
343;CLIDRI;14944270140;06/ago;Qua;11;Exames de sangue;16:00:00;Tarde
344;CLIDRI;34689852838;08/ago;Sex;15;Exames de sangue;08:00:00;Manhã 
345;CLIDRI;13157310775;05/ago;Ter;10;Testes de Covid;09:00:00;Manhã 
346;CLIEDA;58873979206;07/ago;Qui;15;Exames de urina;09:00:00;Manhã 
347;CLIDRI;96331502568;06/ago;Qua;12;Exames de sangue;17:00:00;Tarde
348;CLIGIA;31850191911;05/ago;Ter;20;Testes de Covid;08:00:00;Manhã 
349;CLIGIA;53477721705;06/ago;Qua;14;Testes de Covid;13:00:00;Tarde
350;CLIDRI;56276008301;08/ago;Sex;12;Raio-x do tórax;10:00:00;Manhã 
351;CLIGIA;84725562133;05/ago;Ter;16;Exames de retina;17:00:00;Tarde
352;CLIDRI;46842685018;04/ago;Seg;13;Exames de sangue;08:00:00;Manhã 
353;CLIGIA;66902509949;08/ago;Sex;11;Testes de Covid;11:00:00;Manhã 
354;CLIGIA;47795801334;05/ago;Ter;16;Testes de Covid;12:00:00;Manhã 
355;CLIGIA;20318074856;04/ago;Seg;12;Exames de sangue;17:00:00;Tarde
356;CLIGIA;81769953455;06/ago;Qua;6;Exames de sangue;11:00:00;Manhã 
357;CLIGIA;59492216443;04/ago;Seg;11;Exames de urina;11:00:00;Manhã 
358;CLIDRI;53207818770;07/ago;Qui;12;Raio-x do tórax;15:00:00;Tarde
359;CLIGIA;48791286695;04/ago;Seg;18;Testes de Covid;08:00:00;Manhã 
360;CLIDRI;87933560712;08/ago;Sex;9;Testes de Covid;12:00:00;Manhã 
361;CLIEDA;45048501237;07/ago;Qui;18;Exames de sangue;08:00:00;Manhã 
362;CLIGIA;96483430391;05/ago;Ter;14;Raio-x do tórax;14:00:00;Tarde
363;CLIDRI;63881000168;07/ago;Qui;6;Raio-x do tórax;17:00:00;Tarde
364;CLIDRI;37081618867;06/ago;Qua;6;Exames de urina;13:00:00;Tarde
365;CLIDRI;69808952090;05/ago;Ter;16;Exames de urina;16:00:00;Tarde
366;CLIEDA;20213346418;08/ago;Sex;19;Exames de urina;09:00:00;Manhã 
367;CLIGIA;30062014005;08/ago;Sex;10;Testes de Covid;10:00:00;Manhã 
368;CLIDRI;29636757149;06/ago;Qua;20;Exames de urina;13:00:00;Tarde
369;CLIEDA;13427742050;07/ago;Qui;9;Exames de retina;15:00:00;Tarde
370;CLIDRI;96242900418;07/ago;Qui;16;Testes de Covid;13:00:00;Tarde
371;CLIEDA;18311205279;07/ago;Qui;9;Exames de retina;12:00:00;Manhã 
372;CLIDRI;28407276998;04/ago;Seg;6;Exames de urina;14:00:00;Tarde
373;CLIGIA;29947690029;08/ago;Sex;11;Testes de Covid;16:00:00;Tarde
374;CLIGIA;34182581464;06/ago;Qua;13;Exames de urina;12:00:00;Manhã 
375;CLIDRI;48238580644;08/ago;Sex;6;Raio-x do tórax;10:00:00;Manhã 
376;CLIDRI;16125429893;04/ago;Seg;6;Exames de urina;17:00:00;Tarde
377;CLIDRI;77933095813;08/ago;Sex;11;Raio-x do tórax;17:00:00;Tarde
378;CLIDRI;62228457542;08/ago;Sex;5;Exames de sangue;16:00:00;Tarde
379;CLIDRI;16094916724;05/ago;Ter;18;Testes de Covid;10:00:00;Manhã 
380;CLIEDA;45533308335;07/ago;Qui;16;Testes de Covid;16:00:00;Tarde
381;CLIEDA;67583590184;04/ago;Seg;7;Exames de urina;09:00:00;Manhã 
382;CLIEDA;60252333951;05/ago;Ter;5;Exames de urina;11:00:00;Manhã 
383;CLIGIA;35317659982;04/ago;Seg;15;Raio-x do tórax;16:00:00;Tarde
384;CLIEDA;33850456225;08/ago;Sex;5;Exames de sangue;15:00:00;Tarde
385;CLIEDA;44196525113;08/ago;Sex;19;Exames de retina;12:00:00;Manhã 
386;CLIGIA;36611584397;04/ago;Seg;9;Exames de retina;09:00:00;Manhã 
387;CLIDRI;82167108249;05/ago;Ter;8;Exames de urina;09:00:00;Manhã 
388;CLIDRI;51842780658;08/ago;Sex;14;Exames de sangue;09:00:00;Manhã 
389;CLIEDA;33069489687;04/ago;Seg;5;Exames de sangue;15:00:00;Tarde
390;CLIDRI;86662586947;08/ago;Sex;9;Testes de Covid;14:00:00;Tarde
391;CLIEDA;11401481632;04/ago;Seg;14;Testes de Covid;17:00:00;Tarde
392;CLIDRI;95513738229;06/ago;Qua;9;Exames de retina;11:00:00;Manhã 
393;CLIGIA;92659177090;04/ago;Seg;8;Sorologia para Hepatites;10:00:00;Manhã 
394;CLIGIA;70276409905;05/ago;Ter;13;Exames de retina;12:00:00;Manhã 
395;CLIGIA;15102456684;04/ago;Seg;7;Sorologia para Hepatites;11:00:00;Manhã 
396;CLIDRI;25935801280;05/ago;Ter;12;Testes de Covid;13:00:00;Tarde
397;CLIGIA;96835139397;07/ago;Qui;10;Exames de retina;08:00:00;Manhã 
398;CLIGIA;87831349548;08/ago;Sex;7;Sorologia para Hepatites;14:00:00;Tarde
399;CLIEDA;63055830216;08/ago;Sex;6;Testes de Covid;13:00:00;Tarde
400;CLIDRI;56184791365;05/ago;Ter;7;Exames de retina;11:00:00;Manhã 
401;CLIDRI;32969259488;08/ago;Sex;10;Exames de urina;08:00:00;Manhã 
402;CLIGIA;33756168646;08/ago;Sex;14;Exames de urina;08:00:00;Manhã 
403;CLIGIA;15012233099;08/ago;Sex;10;Exames de urina;08:00:00;Manhã 
404;CLIGIA;87463534742;08/ago;Sex;11;Exames de urina;12:00:00;Manhã 
405;CLIGIA;91808633775;08/ago;Sex;7;Exames de urina;11:00:00;Manhã 
406;CLIGIA;76414072176;08/ago;Sex;17;Exames de urina;08:00:00;Manhã 
407;CLIEDA;80527065226;08/ago;Sex;17;Exames de urina;09:00:00;Manhã 
408;CLIEDA;78900439630;08/ago;Sex;19;Exames de urina;13:00:00;Tarde
409;CLIGIA;40927462332;08/ago;Sex;16;Exames de urina;08:00:00;Manhã 
410;CLIGIA;83174527966;08/ago;Sex;11;Exames de urina;13:00:00;Tarde
411;CLIEDA;70120557011;05/ago;Ter;10;Exames de urina;16:00:00;Tarde
412;CLIGIA;57792353480;08/ago;Sex;10;Exames de urina;08:00:00;Manhã 
413;CLIDRI;57887724019;06/ago;Qua;9;Exames de urina;15:00:00;Tarde
414;CLIDRI;81972949195;08/ago;Sex;8;Exames de urina;09:00:00;Manhã 
415;CLIGIA;87219718007;05/ago;Ter;6;Exames de urina;17:00:00;Tarde
416;CLIEDA;83478151426;06/ago;Qua;8;Exames de urina;17:00:00;Tarde
417;CLIDRI;34778002535;04/ago;Seg;9;Exames de urina;08:00:00;Manhã 
418;CLIEDA;49061349705;05/ago;Ter;5;Exames de urina;12:00:00;Manhã 
419;CLIGIA;43060818060;07/ago;Qui;7;Exames de urina;14:00:00;Tarde
420;CLIGIA;33459931212;05/ago;Ter;10;Exames de urina;12:00:00;Manhã 
421;CLIDRI;15679983433;05/ago;Ter;9;Exames de urina;14:00:00;Tarde
422;CLIGIA;22115505703;05/ago;Ter;10;Exames de urina;11:00:00;Manhã 
423;CLIDRI;64928486618;07/ago;Qui;9;Exames de urina;17:00:00;Tarde
424;CLIGIA;40041778106;05/ago;Ter;8;Exames de urina;10:00:00;Manhã 
425;CLIGIA;48480568908;05/ago;Ter;9;Exames de urina;08:00:00;Manhã 
426;CLIEDA;97416251707;08/ago;Sex;7;Exames de urina;10:00:00;Manhã 
427;CLIDRI;11151729013;08/ago;Sex;5;Exames de urina;12:00:00;Manhã 
428;CLIDRI;88929395476;05/ago;Ter;9;Exames de urina;14:00:00;Tarde
429;CLIGIA;94623097161;05/ago;Ter;9;Exames de urina;17:00:00;Tarde
430;CLIEDA;19189831977;06/ago;Qua;10;Exames de urina;17:00:00;Tarde
431;CLIGIA;97872167023;05/ago;Ter;8;Exames de urina;13:00:00;Tarde
432;CLIGIA;68983732037;05/ago;Ter;10;Exames de urina;15:00:00;Tarde
433;CLIGIA;80270969457;04/ago;Seg;6;Exames de urina;09:00:00;Manhã 
434;CLIEDA;15201737489;06/ago;Qua;5;Exames de urina;13:00:00;Tarde
435;CLIGIA;71336413603;07/ago;Qui;6;Exames de urina;16:00:00;Tarde
436;CLIGIA;43178185280;07/ago;Qui;10;Exames de urina;09:00:00;Manhã 
437;CLIEDA;62073240787;07/ago;Qui;10;Exames de urina;16:00:00;Tarde
438;CLIEDA;65148323411;05/ago;Ter;8;Exames de urina;08:00:00;Manhã 
439;CLIEDA;29706911269;07/ago;Qui;5;Exames de urina;10:00:00;Manhã 
440;CLIGIA;48002340397;08/ago;Sex;10;Exames de urina;08:00:00;Manhã 
441;CLIGIA;37579415528;07/ago;Qui;10;Exames de urina;16:00:00;Tarde
442;CLIGIA;57942083752;05/ago;Ter;9;Exames de urina;12:00:00;Manhã 
443;CLIDRI;74996137889;08/ago;Sex;7;Exames de urina;13:00:00;Tarde
444;CLIDRI;13750659571;08/ago;Sex;10;Exames de urina;13:00:00;Tarde
445;CLIGIA;59928117889;07/ago;Qui;6;Exames de urina;11:00:00;Manhã 
446;CLIDRI;96241697462;05/ago;Ter;7;Exames de urina;12:00:00;Manhã 
447;CLIEDA;15558584511;06/ago;Qua;8;Exames de urina;14:00:00;Tarde
448;CLIGIA;61858904730;04/ago;Seg;10;Exames de urina;12:00:00;Manhã 
449;CLIEDA;24985283465;04/ago;Seg;6;Exames de urina;10:00:00;Manhã 
450;CLIGIA;56989103180;08/ago;Sex;5;Exames de urina;16:00:00;Tarde
451;CLIGIA;44986192324;04/ago;Seg;7;Exames de urina;12:00:00;Manhã 
452;CLIDRI;28461470326;08/ago;Sex;5;Exames de urina;09:00:00;Manhã 
453;CLIGIA;77721293648;07/ago;Qui;7;Exames de urina;09:00:00;Manhã 
454;CLIEDA;94192358929;08/ago;Sex;5;Exames de urina;16:00:00;Tarde
455;CLIDRI;93191031405;05/ago;Ter;9;Exames de urina;09:00:00;Manhã 
456;CLIGIA;19747749162;06/ago;Qua;7;Exames de urina;10:00:00;Manhã 
457;CLIEDA;73900752655;04/ago;Seg;9;Exames de urina;08:00:00;Manhã 
458;CLIDRI;48619644387;06/ago;Qua;7;Exames de urina;09:00:00;Manhã 
459;CLIGIA;51281673919;04/ago;Seg;9;Exames de urina;10:00:00;Manhã 
460;CLIGIA;66192707903;08/ago;Sex;6;Exames de urina;10:00:00;Manhã 
461;CLIDRI;89359092041;07/ago;Qui;5;Exames de urina;09:00:00;Manhã 
462;CLIEDA;19412548017;04/ago;Seg;6;Exames de retina;08:00:00;Manhã 
463;CLIDRI;63001234536;06/ago;Qua;7;Exames de urina;09:00:00;Manhã 
464;CLIDRI;29727395062;06/ago;Qua;10;Sorologia para Hepatites;09:00:00;Manhã 
465;CLIEDA;67515556432;04/ago;Seg;5;Testes de Covid;09:00:00;Manhã 
466;CLIDRI;63655056649;08/ago;Sex;10;Sorologia para Hepatites;08:00:00;Manhã 
467;CLIGIA;83389041327;05/ago;Ter;7;Exames de sangue;09:00:00;Manhã 
468;CLIGIA;44416758316;04/ago;Seg;10;Raio-x do tórax;09:00:00;Manhã 
469;CLIEDA;87457796108;04/ago;Seg;9;Exames de retina;09:00:00;Manhã 
470;CLIEDA;36348660467;04/ago;Seg;9;Exames de sangue;09:00:00;Manhã 
471;CLIEDA;94330760917;04/ago;Seg;8;Exames de urina;09:00:00;Manhã 
472;CLIDRI;11865681647;07/ago;Qui;9;Exames de retina;08:00:00;Manhã 
473;CLIGIA;97738160323;06/ago;Qua;6;Exames de retina;10:00:00;Manhã 
474;CLIEDA;72333668386;04/ago;Seg;5;Testes de Covid;08:00:00;Manhã 
475;CLIDRI;98977438525;06/ago;Qua;10;Sorologia para Hepatites;09:00:00;Manhã 
476;CLIGIA;92023970637;05/ago;Ter;5;Sorologia para Hepatites;10:00:00;Manhã 
477;CLIDRI;50804084634;08/ago;Sex;7;Raio-x do tórax;10:00:00;Manhã 
478;CLIEDA;35380062491;08/ago;Sex;9;Exames de retina;09:00:00;Manhã 
479;CLIGIA;75894102229;06/ago;Qua;7;Exames de urina;10:00:00;Manhã 
480;CLIEDA;74565528875;08/ago;Sex;5;Exames de urina;10:00:00;Manhã 
481;CLIGIA;59344332255;05/ago;Ter;10;Raio-x do tórax;10:00:00;Manhã 
482;CLIGIA;58077987700;04/ago;Seg;6;Exames de urina;09:00:00;Manhã 
483;CLIDRI;38505418356;07/ago;Qui;9;Raio-x do tórax;08:00:00;Manhã 
484;CLIGIA;79912799175;08/ago;Sex;5;Raio-x do tórax;09:00:00;Manhã 
485;CLIEDA;72666431807;07/ago;Qui;6;Raio-x do tórax;09:00:00;Manhã 
486;CLIGIA;35433113381;05/ago;Ter;6;Raio-x do tórax;08:00:00;Manhã 
487;CLIDRI;64002322033;04/ago;Seg;6;Raio-x do tórax;10:00:00;Manhã 
488;CLIDRI;19724428615;06/ago;Qua;7;Raio-x do tórax;10:00:00;Manhã 
489;CLIEDA;47239650881;06/ago;Qua;6;Raio-x do tórax;08:00:00;Manhã 
490;CLIGIA;74448094838;05/ago;Ter;9;Raio-x do tórax;09:00:00;Manhã 
491;CLIEDA;87743952043;06/ago;Qua;5;Raio-x do tórax;10:00:00;Manhã 
492;CLIDRI;92805553775;05/ago;Ter;9;Raio-x do tórax;08:00:00;Manhã 
493;CLIDRI;51916188756;08/ago;Sex;5;Raio-x do tórax;08:00:00;Manhã 
494;CLIDRI;45141345950;06/ago;Qua;6;Raio-x do tórax;08:00:00;Manhã 
495;CLIGIA;92794747657;08/ago;Sex;9;Raio-x do tórax;09:00:00;Manhã 
496;CLIGIA;90970581346;07/ago;Qui;6;Raio-x do tórax;10:00:00;Manhã 
497;CLIGIA;36527352574;05/ago;Ter;9;Raio-x do tórax;10:00:00;Manhã 
498;CLIGIA;97219859601;04/ago;Seg;9;Raio-x do tórax;10:00:00;Manhã 
499;CLIGIA;44685620553;07/ago;Qui;8;Raio-x do tórax;10:00:00;Manhã 
500;CLIDRI;37894881327;06/ago;Qua;5;Raio-x do tórax;09:00:00;Manhã 
501;CLIEDA;66048602870;08/ago;Sex;9;Raio-x do tórax;10:00:00;Manhã 
502;CLIGIA;96470266709;08/ago;Sex;5;Raio-x do tórax;10:00:00;Manhã 
503;CLIGIA;64465628597;07/ago;Qui;5;Raio-x do tórax;09:00:00;Manhã 
504;CLIDRI;18037525794;06/ago;Qua;8;Raio-x do tórax;08:00:00;Manhã 
505;CLIEDA;45244538006;05/ago;Ter;8;Raio-x do tórax;08:00:00;Manhã 
506;CLIGIA;77042370716;08/ago;Sex;8;Raio-x do tórax;08:00:00;Manhã 
507;CLIEDA;91164357064;08/ago;Sex;5;Raio-x do tórax;09:00:00;Manhã 
508;CLIGIA;57167520362;08/ago;Sex;6;Testes de Covid;08:00:00;Manhã 
509;CLIGIA;59499994965;06/ago;Qua;5;Exames de sangue;09:00:00;Manhã 
510;CLIGIA;13825164289;06/ago;Qua;7;Testes de Covid;10:00:00;Manhã 
511;CLIEDA;44851597312;07/ago;Qui;5;Raio-x do tórax;08:00:00;Manhã 
512;CLIGIA;76530325231;07/ago;Qui;6;Testes de Covid;10:00:00;Manhã 
513;CLIGIA;68263645715;06/ago;Qua;8;Testes de Covid;10:00:00;Manhã 
514;CLIDRI;62336909245;05/ago;Ter;6;Testes de Covid;09:00:00;Manhã 
515;CLIDRI;83973380134;06/ago;Qua;5;Exames de retina;09:00:00;Manhã 
516;CLIDRI;92001734162;06/ago;Qua;7;Exames de retina;10:00:00;Manhã 
517;CLIEDA;85552663372;08/ago;Sex;10;Exames de retina;11:00:00;Manhã 
518;CLIGIA;34798716980;07/ago;Qui;5;Exames de sangue;11:00:00;Manhã 
519;CLIGIA;45580475376;07/ago;Qui;5;Exames de retina;10:00:00;Manhã 
520;CLIEDA;79827242576;07/ago;Qui;9;Testes de Covid;12:00:00;Manhã 
521;CLIGIA;24914073541;06/ago;Qua;6;Exames de urina;11:00:00;Manhã 
522;CLIGIA;37294865689;08/ago;Sex;8;Exames de sangue;09:00:00;Manhã 
523;CLIGIA;96801216344;06/ago;Qua;7;Testes de Covid;13:00:00;Tarde
524;CLIDRI;77077259391;06/ago;Qua;10;Exames de retina;09:00:00;Manhã 
525;CLIEDA;93865523707;06/ago;Qua;9;Raio-x do tórax;10:00:00;Manhã 
526;CLIEDA;97868685432;05/ago;Ter;5;Exames de sangue;13:00:00;Tarde
527;CLIEDA;38933956477;04/ago;Seg;10;Exames de sangue;13:00:00;Tarde
528;CLIEDA;57362417347;07/ago;Qui;5;Testes de Covid;10:00:00;Manhã 
529;CLIGIA;28286988562;05/ago;Ter;6;Testes de Covid;13:00:00;Tarde
530;CLIGIA;34921872224;06/ago;Qua;5;Raio-x do tórax;08:00:00;Manhã 
531;CLIGIA;69984500196;06/ago;Qua;10;Testes de Covid;11:00:00;Manhã 
532;CLIDRI;94496910496;07/ago;Qui;0;Sorologia para Hepatites;13:00:00;Tarde
533;CLIGIA;37634090391;06/ago;Qua;7;Raio-x do tórax;10:00:00;Manhã 
534;CLIDRI;25369925753;05/ago;Ter;5;Raio-x do tórax;08:00:00;Manhã 
535;CLIEDA;79477050749;07/ago;Qui;9;Raio-x do tórax;08:00:00;Manhã 
536;CLIGIA;85785550672;07/ago;Qui;6;Raio-x do tórax;10:00:00;Manhã 
537;CLIDRI;13282142467;04/ago;Seg;9;Raio-x do tórax;08:00:00;Manhã 
538;CLIEDA;78440968392;07/ago;Qui;6;Raio-x do tórax;12:00:00;Manhã 
539;CLIEDA;40227532945;08/ago;Sex;7;Raio-x do tórax;13:00:00;Tarde
540;CLIDRI;77908734526;05/ago;Ter;5;Raio-x do tórax;09:00:00;Manhã 
541;CLIEDA;63948031644;06/ago;Qua;7;Raio-x do tórax;11:00:00;Manhã 
542;CLIEDA;54326440231;04/ago;Seg;28;Raio-x do tórax;11:00:00;Manhã 
543;CLIDRI;88892542372;06/ago;Qua;9;Raio-x do tórax;08:00:00;Manhã 
544;CLIGIA;97471075486;08/ago;Sex;5;Raio-x do tórax;08:00:00;Manhã 
545;CLIDRI;95297657032;06/ago;Qua;6;Raio-x do tórax;13:00:00;Tarde
546;CLIGIA;22087823832;05/ago;Ter;10;Raio-x do tórax;11:00:00;Manhã 
547;CLIEDA;86563167944;05/ago;Ter;9;Raio-x do tórax;09:00:00;Manhã 
548;CLIEDA;81032643084;05/ago;Ter;6;Raio-x do tórax;09:00:00;Manhã 
549;CLIEDA;94104824610;05/ago;Ter;9;Raio-x do tórax;12:00:00;Manhã 
550;CLIGIA;41079795826;05/ago;Ter;9;Raio-x do tórax;12:00:00;Manhã 
551;CLIGIA;81662306239;05/ago;Ter;5;Raio-x do tórax;08:00:00;Manhã 
552;CLIDRI;49212621133;06/ago;Qua;10;Raio-x do tórax;13:00:00;Tarde
553;CLIDRI;65170001975;08/ago;Sex;8;Raio-x do tórax;13:00:00;Tarde
554;CLIEDA;90937177671;08/ago;Sex;9;Raio-x do tórax;12:00:00;Manhã 
555;CLIDRI;18019352532;08/ago;Sex;8;Raio-x do tórax;08:00:00;Manhã 
556;CLIEDA;85411548737;08/ago;Sex;8;Raio-x do tórax;13:00:00;Tarde
557;CLIDRI;46178362269;08/ago;Sex;7;Raio-x do tórax;09:00:00;Manhã 
558;CLIGIA;18140235209;08/ago;Sex;5;Raio-x do tórax;11:00:00;Manhã 
559;CLIDRI;88341004454;08/ago;Sex;5;Raio-x do tórax;08:00:00;Manhã 
560;CLIGIA;16581110798;08/ago;Sex;9;Raio-x do tórax;12:00:00;Manhã 
561;CLIEDA;79952641965;08/ago;Sex;8;Raio-x do tórax;11:00:00;Manhã 
562;CLIEDA;32856011742;08/ago;Sex;7;Raio-x do tórax;11:00:00;Manhã 
563;CLIEDA;29586700436;08/ago;Sex;5;Raio-x do tórax;12:00:00;Manhã 
564;CLIEDA;69396794897;08/ago;Sex;6;Raio-x do tórax;10:00:00;Manhã 
565;CLIGIA;15754234248;08/ago;Sex;5;Raio-x do tórax;12:00:00;Manhã 
566;CLIEDA;64875959545;08/ago;Sex;8;Raio-x do tórax;12:00:00;Manhã 
567;CLIGIA;37761167494;08/ago;Sex;6;Raio-x do tórax;12:00:00;Manhã 
568;CLIGIA;55535669757;08/ago;Sex;9;Raio-x do tórax;08:00:00;Manhã 
569;CLIDRI;68327136819;08/ago;Sex;8;Sorologia para Hepatites;09:00:00;Manhã 
570;CLIGIA;70758334447;07/ago;Qui;10;Exames de retina;11:00:00;Manhã 
571;CLIEDA;54792849196;08/ago;Sex;8;Sorologia para Hepatites;12:00:00;Manhã 
572;CLIEDA;64664610559;04/ago;Seg;28;Raio-x do tórax;09:00:00;Manhã 
573;CLIGIA;50972250876;08/ago;Sex;10;Exames de retina;12:00:00;Manhã 
574;CLIGIA;99899724752;07/ago;Qui;9;Raio-x do tórax;08:00:00;Manhã 
575;CLIGIA;29641876218;06/ago;Qua;9;Sorologia para Hepatites;09:00:00;Manhã 
576;CLIDRI;12957559936;06/ago;Qua;5;Sorologia para Hepatites;11:00:00;Manhã 
577;CLIEDA;47318150681;08/ago;Sex;9;Raio-x do tórax;10:00:00;Manhã 
578;CLIGIA;27297486745;04/ago;Seg;5;Raio-x do tórax;11:00:00;Manhã 
579;CLIDRI;68582958722;06/ago;Qua;6;Raio-x do tórax;08:00:00;Manhã 
580;CLIGIA;72016466719;08/ago;Sex;6;Sorologia para Hepatites;10:00:00;Manhã 
581;CLIDRI;46591284037;08/ago;Sex;7;Exames de retina;10:00:00;Manhã 
582;CLIDRI;72190179933;07/ago;Qui;6;Raio-x do tórax;11:00:00;Manhã 
583;CLIEDA;26337857154;04/ago;Seg;10;Sorologia para Hepatites;12:00:00;Manhã 
584;CLIEDA;82688891350;06/ago;Qua;5;Exames de retina;11:00:00;Manhã 
585;CLIEDA;57863728552;08/ago;Sex;9;Raio-x do tórax;12:00:00;Manhã 
586;CLIEDA;96130214076;06/ago;Qua;5;Raio-x do tórax;09:00:00;Manhã 
587;CLIEDA;76958274519;07/ago;Qui;7;Raio-x do tórax;13:00:00;Tarde
588;CLIDRI;32961622601;07/ago;Qui;7;Sorologia para Hepatites;08:00:00;Manhã 
589;CLIGIA;15725640159;06/ago;Qua;9;Exames de retina;08:00:00;Manhã 
590;CLIGIA;89243964458;06/ago;Qua;8;Raio-x do tórax;08:00:00;Manhã 
591;CLIEDA;30532049711;05/ago;Ter;10;Exames de retina;08:00:00;Manhã 
592;CLIDRI;31350547251;06/ago;Qua;7;Raio-x do tórax;08:00:00;Manhã 
593;CLIDRI;57140525461;05/ago;Ter;9;Exames de retina;08:00:00;Manhã 
594;CLIGIA;11712793680;06/ago;Qua;5;Exames de retina;08:00:00;Manhã 
595;CLIDRI;76527560598;06/ago;Qua;5;Raio-x do tórax;08:00:00;Manhã 
596;CLIGIA;79976120835;05/ago;Ter;6;Sorologia para Hepatites;08:00:00;Manhã 
597;CLIDRI;42362135538;04/ago;Seg;7;Exames de retina;08:00:00;Manhã 
598;CLIDRI;67488391693;04/ago;Seg;8;Exames de retina;08:00:00;Manhã 
599;CLIEDA;79075952223;05/ago;Ter;5;Sorologia para Hepatites;08:00:00;Manhã 
600;CLIDRI;15575553905;04/ago;Seg;6;Exames de retina;08:00:00;Manhã 
601;CLIDRI;69218999388;05/ago;Ter;7;Exames de retina;08:00:00;Manhã 
602;CLIDRI;30850934433;08/ago;Sex;8;Sorologia para Hepatites;08:00:00;Manhã 
603;CLIEDA;98202251693;08/ago;Sex;6;Sorologia para Hepatites;08:00:00;Manhã 
604;CLIEDA;46045953596;07/ago;Qui;6;Raio-x do tórax;08:00:00;Manhã 
605;CLIEDA;21451893480;08/ago;Sex;7;Exames de retina;08:00:00;Manhã 
606;CLIGIA;51441111458;04/ago;Seg;5;Exames de retina;08:00:00;Manhã 
607;CLIEDA;65825831656;05/ago;Ter;9;Exames de retina;08:00:00;Manhã 
608;CLIEDA;21728500047;05/ago;Ter;6;Sorologia para Hepatites;08:00:00;Manhã 
609;CLIGIA;98232549957;08/ago;Sex;6;Exames de retina;08:00:00;Manhã 
610;CLIDRI;69942855411;08/ago;Sex;9;Raio-x do tórax;08:00:00;Manhã 
611;CLIEDA;14851129807;05/ago;Ter;6;Sorologia para Hepatites;08:00:00;Manhã 
612;CLIGIA;24662985319;05/ago;Ter;8;Sorologia para Hepatites;08:00:00;Manhã 
613;CLIDRI;36779803296;08/ago;Sex;8;Sorologia para Hepatites;08:00:00;Manhã 
614;CLIGIA;95812440779;08/ago;Sex;8;Sorologia para Hepatites;08:00:00;Manhã 
615;CLIEDA;65899160679;07/ago;Qui;8;Raio-x do tórax;08:00:00;Manhã 
616;CLIGIA;69630173224;07/ago;Qui;6;Sorologia para Hepatites;08:00:00;Manhã 
617;CLIDRI;87118844306;06/ago;Qua;6;Sorologia para Hepatites;08:00:00;Manhã 
618;CLIGIA;86356056863;08/ago;Sex;8;Exames de retina;08:00:00;Manhã 
619;CLIDRI;49442272589;07/ago;Qui;9;Raio-x do tórax;08:00:00;Manhã 
620;CLIGIA;18161918091;08/ago;Sex;9;Raio-x do tórax;08:00:00;Manhã 
621;CLIDRI;79761007338;07/ago;Qui;8;Raio-x do tórax;08:00:00;Manhã 
622;CLIDRI;61871085863;06/ago;Qua;9;Raio-x do tórax;08:00:00;Manhã 
623;CLIEDA;99968694776;06/ago;Qua;5;Sorologia para Hepatites;08:00:00;Manhã 
624;CLIGIA;15470437094;04/ago;Seg;6;Raio-x do tórax;08:00:00;Manhã 
625;CLIEDA;89568881610;05/ago;Ter;9;Raio-x do tórax;08:00:00;Manhã 
626;CLIDRI;65429042709;04/ago;Seg;10;Sorologia para Hepatites;08:00:00;Manhã 
627;CLIEDA;73497933633;04/ago;Seg;28;Raio-x do tórax;08:00:00;Manhã 
628;CLIDRI;62995979586;06/ago;Qua;9;Exames de retina;08:00:00;Manhã 
629;CLIDRI;42988977048;05/ago;Ter;8;Exames de retina;08:00:00;Manhã 
630;CLIEDA;46899941643;08/ago;Sex;6;Exames de retina;08:00:00;Manhã 
631;CLIEDA;61105346428;08/ago;Sex;6;Exames de retina;08:00:00;Manhã 
632;CLIEDA;72899974716;05/ago;Ter;9;Sorologia para Hepatites;08:00:00;Manhã 
633;CLIEDA;97517659585;04/ago;Seg;5;Exames de retina;08:00:00;Manhã 
634;CLIGIA;29182656840;05/ago;Ter;7;Exames de retina;08:00:00;Manhã 
635;CLIDRI;45778127000;06/ago;Qua;8;Sorologia para Hepatites;08:00:00;Manhã 
636;CLIEDA;70221861093;06/ago;Qua;9;Raio-x do tórax;08:00:00;Manhã 
637;CLIGIA;90207822707;04/ago;Seg;8;Exames de retina;08:00:00;Manhã 
638;CLIDRI;46204269087;05/ago;Ter;9;Sorologia para Hepatites;08:00:00;Manhã 
639;CLIEDA;65429719143;06/ago;Qua;7;Exames de retina;08:00:00;Manhã 
640;CLIEDA;87070246969;08/ago;Sex;7;Exames de retina;08:00:00;Manhã 
641;CLIGIA;28318852917;05/ago;Ter;10;Exames de retina;08:00:00;Manhã 
642;CLIEDA;30163597138;04/ago;Seg;10;Raio-x do tórax;08:00:00;Manhã 
643;CLIEDA;47801860686;04/ago;Seg;29;Raio-x do tórax;08:00:00;Manhã 
644;CLIEDA;89050209374;05/ago;Ter;5;Exames de retina;08:00:00;Manhã 
645;CLIGIA;30781201538;05/ago;Ter;6;Exames de retina;08:00:00;Manhã 
646;CLIGIA;54082839147;07/ago;Qui;9;Raio-x do tórax;08:00:00;Manhã 
647;CLIDRI;26816992360;07/ago;Qui;9;Raio-x do tórax;08:00:00;Manhã 
648;CLIEDA;20333096694;06/ago;Qua;8;Raio-x do tórax;08:00:00;Manhã 
649;CLIDRI;92304629329;07/ago;Qui;8;Exames de retina;08:00:00;Manhã 
650;CLIGIA;73527894630;07/ago;Qui;10;Sorologia para Hepatites;08:00:00;Manhã 
651;CLIGIA;83602533522;06/ago;Qua;6;Exames de retina;08:00:00;Manhã 
652;CLIDRI;52330900525;06/ago;Qua;9;Sorologia para Hepatites;08:00:00;Manhã 
653;CLIEDA;95734806607;07/ago;Qui;6;Sorologia para Hepatites;08:00:00;Manhã 
654;CLIEDA;29860325399;04/ago;Seg;8;Sorologia para Hepatites;08:00:00;Manhã 
655;CLIEDA;42677340344;04/ago;Seg;9;Sorologia para Hepatites;08:00:00;Manhã 
656;CLIEDA;90429241267;04/ago;Seg;7;Sorologia para Hepatites;08:00:00;Manhã 
657;CLIEDA;35339369956;07/ago;Qui;7;Sorologia para Hepatites;08:00:00;Manhã 
658;CLIEDA;66083256790;06/ago;Qua;5;Exames de retina;08:00:00;Manhã 
659;CLIEDA;31146189816;04/ago;Seg;7;Raio-x do tórax;08:00:00;Manhã 
660;CLIEDA;51803574391;05/ago;Ter;6;Exames de retina;08:00:00;Manhã 
661;CLIEDA;47227420486;08/ago;Sex;5;Sorologia para Hepatites;08:00:00;Manhã 
662;CLIEDA;86262644017;07/ago;Qui;7;Raio-x do tórax;08:00:00;Manhã 
663;CLIEDA;60235204415;04/ago;Seg;9;Exames de retina;08:00:00;Manhã 
664;CLIEDA;70941724681;07/ago;Qui;9;Raio-x do tórax;10:00:00;Manhã 
665;CLIEDA;88532743642;04/ago;Seg;8;Exames de retina;13:00:00;Tarde
666;CLIEDA;26605435556;07/ago;Qui;5;Exames de retina;12:00:00;Manhã 
667;CLIGIA;91406852447;05/ago;Ter;8;Sorologia para Hepatites;11:00:00;Manhã 
668;CLIGIA;39859797262;06/ago;Qua;7;Raio-x do tórax;08:00:00;Manhã 
669;CLIGIA;40124182147;06/ago;Qua;7;Raio-x do tórax;08:00:00;Manhã 
670;CLIDRI;32366851220;07/ago;Qui;5;Sorologia para Hepatites;10:00:00;Manhã 
671;CLIEDA;14734969371;07/ago;Qui;8;Exames de retina;10:00:00;Manhã 
672;CLIGIA;90605375803;08/ago;Sex;9;Exames de retina;09:00:00;Manhã 
673;CLIDRI;11388353197;06/ago;Qua;0;Sorologia para Hepatites;13:00:00;Tarde
674;CLIEDA;72874147839;07/ago;Qui;6;Sorologia para Hepatites;12:00:00;Manhã 
675;CLIGIA;53831852584;04/ago;Seg;8;Raio-x do tórax;12:00:00;Manhã 
676;CLIEDA;51330215879;08/ago;Sex;5;Exames de retina;10:00:00;Manhã 
677;CLIEDA;38037738994;07/ago;Qui;6;Sorologia para Hepatites;12:00:00;Manhã 
678;CLIGIA;81700736264;06/ago;Qua;9;Sorologia para Hepatites;08:00:00;Manhã 
679;CLIEDA;88033262132;05/ago;Ter;8;Raio-x do tórax;10:00:00;Manhã 
680;CLIEDA;26876986585;08/ago;Sex;5;Exames de retina;11:00:00;Manhã 
681;CLIDRI;41923572675;08/ago;Sex;6;Raio-x do tórax;08:00:00;Manhã 
682;CLIGIA;93668651611;07/ago;Qui;8;Raio-x do tórax;10:00:00;Manhã 
683;CLIGIA;14918124120;05/ago;Ter;6;Exames de retina;12:00:00;Manhã 
684;CLIDRI;25622332318;04/ago;Seg;6;Raio-x do tórax;14:00:00;Tarde
685;CLIDRI;37115750210;05/ago;Ter;6;Raio-x do tórax;14:00:00;Tarde
686;CLIGIA;52885731658;04/ago;Seg;6;Raio-x do tórax;14:00:00;Tarde
687;CLIGIA;78085896735;07/ago;Qui;7;Raio-x do tórax;14:00:00;Tarde
688;CLIEDA;64643313410;06/ago;Qua;5;Raio-x do tórax;14:00:00;Tarde
689;CLIEDA;81744164111;04/ago;Seg;10;Raio-x do tórax;14:00:00;Tarde
690;CLIEDA;45013997301;07/ago;Qui;10;Raio-x do tórax;14:00:00;Tarde
691;CLIDRI;98927345852;06/ago;Qua;7;Raio-x do tórax;14:00:00;Tarde
692;CLIGIA;94954143278;06/ago;Qua;8;Raio-x do tórax;14:00:00;Tarde
693;CLIDRI;45370203037;07/ago;Qui;7;Raio-x do tórax;14:00:00;Tarde
694;CLIEDA;28945730758;06/ago;Qua;10;Raio-x do tórax;14:00:00;Tarde
695;CLIGIA;84940625719;08/ago;Sex;5;Raio-x do tórax;08:00:00;Manhã 
696;CLIEDA;99814544002;08/ago;Sex;6;Sorologia para Hepatites;12:00:00;Manhã 
697;CLIEDA;30665395256;05/ago;Ter;10;Raio-x do tórax;11:00:00;Manhã 
698;CLIGIA;89521563527;05/ago;Ter;8;Exames de retina;09:00:00;Manhã 
699;CLIEDA;85528322966;08/ago;Sex;9;Sorologia para Hepatites;08:00:00;Manhã 
700;CLIDRI;74573887829;04/ago;Seg;0;Sorologia para Hepatites;14:00:00;Tarde
701;CLIEDA;27493076304;07/ago;Qui;8;Sorologia para Hepatites;11:00:00;Manhã 
702;CLIGIA;80313749413;04/ago;Seg;6;Sorologia para Hepatites;12:00:00;Manhã 
703;CLIEDA;16514303484;08/ago;Sex;9;Raio-x do tórax;08:00:00;Manhã 
704;CLIDRI;30739798608;04/ago;Seg;5;Sorologia para Hepatites;08:00:00;Manhã 
705;CLIDRI;25378823142;06/ago;Qua;5;Raio-x do tórax;13:00:00;Tarde
706;CLIEDA;38208278870;07/ago;Qui;9;Sorologia para Hepatites;10:00:00;Manhã 
707;CLIDRI;43928993815;04/ago;Seg;10;Exames de retina;13:00:00;Tarde
708;CLIGIA;42872507906;04/ago;Seg;8;Exames de retina;10:00:00;Manhã 
709;CLIDRI;98797941188;05/ago;Ter;5;Exames de retina;08:00:00;Manhã 
710;CLIEDA;68255603551;06/ago;Qua;10;Sorologia para Hepatites;08:00:00;Manhã 
711;CLIDRI;43252038948;08/ago;Sex;5;Raio-x do tórax;13:00:00;Tarde
712;CLIEDA;97786836088;05/ago;Ter;9;Sorologia para Hepatites;09:00:00;Manhã 
713;CLIGIA;42776858686;06/ago;Qua;6;Exames de retina;11:00:00;Manhã 
714;CLIGIA;26353807128;08/ago;Sex;8;Sorologia para Hepatites;10:00:00;Manhã 
715;CLIEDA;83769153578;05/ago;Ter;6;Raio-x do tórax;12:00:00;Manhã 
716;CLIDRI;98519880565;05/ago;Ter;9;Raio-x do tórax;14:00:00;Tarde
717;CLIEDA;94862567429;07/ago;Qui;6;Raio-x do tórax;13:00:00;Tarde
718;CLIDRI;32850416424;07/ago;Qui;5;Sorologia para Hepatites;11:00:00;Manhã 
719;CLIGIA;40502329612;04/ago;Seg;7;Exames de retina;09:00:00;Manhã 
720;CLIGIA;76298944299;06/ago;Qua;9;Raio-x do tórax;09:00:00;Manhã 
721;CLIEDA;93539035296;08/ago;Sex;5;Sorologia para Hepatites;08:00:00;Manhã 
722;CLIGIA;46403288136;05/ago;Ter;6;Exames de retina;10:00:00;Manhã 
723;CLIDRI;44816722662;08/ago;Sex;10;Exames de retina;10:00:00;Manhã 
724;CLIEDA;27795074836;06/ago;Qua;10;Raio-x do tórax;10:00:00;Manhã 
725;CLIDRI;32712196151;05/ago;Ter;7;Raio-x do tórax;14:00:00;Tarde
726;CLIGIA;55221639730;08/ago;Sex;7;Raio-x do tórax;11:00:00;Manhã 
727;CLIDRI;37307964555;05/ago;Ter;10;Raio-x do tórax;12:00:00;Manhã 
728;CLIEDA;63107771846;08/ago;Sex;5;Exames de retina;12:00:00;Manhã 
729;CLIDRI;21045632417;06/ago;Qua;5;Exames de retina;13:00:00;Tarde
730;CLIEDA;34485652076;08/ago;Sex;6;Raio-x do tórax;12:00:00;Manhã 
731;CLIGIA;76211240001;07/ago;Qui;10;Sorologia para Hepatites;08:00:00;Manhã 
732;CLIGIA;36492651298;06/ago;Qua;5;Raio-x do tórax;12:00:00;Manhã 
733;CLIGIA;73089460918;04/ago;Seg;10;Exames de retina;11:00:00;Manhã 
734;CLIEDA;93369273587;07/ago;Qui;9;Raio-x do tórax;11:00:00;Manhã 
735;CLIDRI;23762851096;08/ago;Sex;6;Raio-x do tórax;12:00:00;Manhã 
736;CLIDRI;95713148564;07/ago;Qui;8;Raio-x do tórax;13:00:00;Tarde
737;CLIGIA;65546324449;07/ago;Qui;5;Sorologia para Hepatites;12:00:00;Manhã 
738;CLIDRI;37472101183;05/ago;Ter;7;Sorologia para Hepatites;08:00:00;Manhã 
739;CLIGIA;21995042647;06/ago;Qua;6;Raio-x do tórax;09:00:00;Manhã 
740;CLIGIA;96913251068;07/ago;Qui;15;Sorologia para Hepatites;12:00:00;Manhã 
741;CLIGIA;66462920043;08/ago;Sex;16;Raio-x do tórax;13:00:00;Tarde
742;CLIDRI;35947331954;05/ago;Ter;18;Raio-x do tórax;14:00:00;Tarde
743;CLIEDA;24719895879;07/ago;Qui;16;Raio-x do tórax;14:00:00;Tarde
744;CLIGIA;93412847276;05/ago;Ter;16;Raio-x do tórax;14:00:00;Tarde
745;CLIDRI;56619711585;08/ago;Sex;16;Raio-x do tórax;14:00:00;Tarde
746;CLIDRI;16062161546;07/ago;Qui;18;Raio-x do tórax;14:00:00;Tarde
747;CLIDRI;44759752143;07/ago;Qui;18;Raio-x do tórax;14:00:00;Tarde
748;CLIEDA;70018172122;05/ago;Ter;9;Raio-x do tórax;14:00:00;Tarde
749;CLIEDA;82331774959;07/ago;Qui;15;Raio-x do tórax;14:00:00;Tarde
750;CLIGIA;33755222862;06/ago;Qua;18;Raio-x do tórax;14:00:00;Tarde
751;CLIEDA;41826491018;05/ago;Ter;2;Raio-x do tórax;14:00:00;Tarde
752;CLIEDA;69721748794;08/ago;Sex;17;Exames de retina;14:00:00;Tarde
753;CLIEDA;86422892493;06/ago;Qua;16;Raio-x do tórax;09:00:00;Manhã 
754;CLIEDA;47570382398;08/ago;Sex;18;Exames de retina;13:00:00;Tarde
755;CLIEDA;12662259279;06/ago;Qua;16;Sorologia para Hepatites;08:00:00;Manhã 
756;CLIEDA;44899391394;05/ago;Ter;15;Raio-x do tórax;12:00:00;Manhã 
757;CLIEDA;30839336131;07/ago;Qui;17;Sorologia para Hepatites;09:00:00;Manhã 
758;CLIEDA;67692111138;05/ago;Ter;16;Exames de retina;08:00:00;Manhã 
759;CLIEDA;42746796402;06/ago;Qua;0;Sorologia para Hepatites;14:00:00;Tarde
760;CLIEDA;19099395950;07/ago;Qui;16;Raio-x do tórax;10:00:00;Manhã 
761;CLIEDA;45899065719;05/ago;Ter;15;Raio-x do tórax;10:00:00;Manhã 
762;CLIEDA;92477293620;07/ago;Qui;18;Exames de retina;08:00:00;Manhã 
763;CLIEDA;54147864223;08/ago;Sex;16;Sorologia para Hepatites;11:00:00;Manhã 
764;CLIEDA;64688926662;05/ago;Ter;16;Sorologia para Hepatites;12:00:00;Manhã 
765;CLIEDA;25267880402;07/ago;Qui;16;Raio-x do tórax;13:00:00;Tarde
766;CLIEDA;93756049584;06/ago;Qua;16;Exames de retina;10:00:00;Manhã 
767;CLIEDA;84665031838;05/ago;Ter;15;Raio-x do tórax;08:00:00;Manhã 
768;CLIEDA;33637035388;04/ago;Seg;16;Exames de retina;08:00:00;Manhã 
769;CLIEDA;65619636740;04/ago;Seg;18;Sorologia para Hepatites;10:00:00;Manhã 
770;CLIEDA;39254933435;08/ago;Sex;18;Exames de retina;13:00:00;Tarde
771;CLIEDA;17597585654;07/ago;Qui;15;Sorologia para Hepatites;09:00:00;Manhã 
772;CLIEDA;43501017321;06/ago;Qua;16;Raio-x do tórax;09:00:00;Manhã 
773;CLIEDA;12025898022;08/ago;Sex;17;Raio-x do tórax;10:00:00;Manhã 
774;CLIEDA;81166977292;06/ago;Qua;16;Exames de retina;12:00:00;Manhã 
775;CLIGIA;69178011083;07/ago;Qui;16;Exames de retina;12:00:00;Manhã 
776;CLIGIA;45963344567;06/ago;Qua;18;Ecocardiograma;13:00:00;Tarde
777;CLIDRI;42843070951;07/ago;Qui;15;Ecocardiograma;08:00:00;Manhã 
778;CLIGIA;30505638884;06/ago;Qua;18;Exames de retina;09:00:00;Manhã 
779;CLIDRI;14566571554;06/ago;Qua;15;Raio-x do tórax;10:00:00;Manhã 
780;CLIGIA;89655386620;05/ago;Ter;18;Ecocardiograma;12:00:00;Manhã 
781;CLIGIA;42873141147;06/ago;Qua;15;Sorologia para Hepatites;13:00:00;Tarde
782;CLIEDA;37455444027;06/ago;Qua;17;Raio-x do tórax;11:00:00;Manhã 
783;CLIDRI;29298825720;05/ago;Ter;18;Parasitológico;11:00:00;Manhã 
784;CLIDRI;64097251156;08/ago;Sex;15;Sorologia para Hepatites;12:00:00;Manhã 
785;CLIDRI;18223137820;04/ago;Seg;17;Ecocardiograma;14:00:00;Tarde
786;CLIDRI;64528058432;08/ago;Sex;16;Ecocardiograma;08:00:00;Manhã 
787;CLIDRI;62250724135;04/ago;Seg;15;Parasitológico;11:00:00;Manhã 
788;CLIGIA;78307334113;07/ago;Qui;15;Raio-x do tórax;09:00:00;Manhã 
789;CLIDRI;53912509827;04/ago;Seg;16;Ecocardiograma;14:00:00;Tarde
790;CLIGIA;62263638238;04/ago;Seg;16;Raio-x do tórax;14:00:00;Tarde
791;CLIDRI;30914664449;07/ago;Qui;17;Ecocardiograma;11:00:00;Manhã 
792;CLIDRI;64184619084;08/ago;Sex;15;Ecocardiograma;10:00:00;Manhã 
793;CLIDRI;67399735829;07/ago;Qui;15;Raio-x do tórax;11:00:00;Manhã 
794;CLIGIA;89270322713;07/ago;Qui;17;Raio-x do tórax;13:00:00;Tarde
795;CLIGIA;56888291587;06/ago;Qua;18;Raio-x do tórax;08:00:00;Manhã 
796;CLIGIA;30360479619;05/ago;Ter;17;Raio-x do tórax;12:00:00;Manhã 
797;CLIGIA;53199029632;08/ago;Sex;15;Sorologia para Hepatites;12:00:00;Manhã 
798;CLIGIA;26195554197;06/ago;Qua;16;Ecocardiograma;08:00:00;Manhã 
799;CLIDRI;67418266648;06/ago;Qua;17;Ecocardiograma;08:00:00;Manhã 
800;CLIDRI;32701306162;05/ago;Ter;0;Sorologia para Hepatites;12:00:00;Manhã 
801;CLIDRI;92500214143;05/ago;Ter;17;Ecocardiograma;09:00:00;Manhã 
802;CLIDRI;58792534712;07/ago;Qui;0;Sorologia para Hepatites;09:00:00;Manhã 
803;CLIDRI;61273715603;06/ago;Qua;16;Ecocardiograma;13:00:00;Tarde
804;CLIDRI;33533892197;05/ago;Ter;0;Sorologia para Hepatites;12:00:00;Manhã 
805;CLIEDA;13676209688;05/ago;Ter;15;Sorologia para Hepatites;12:00:00;Manhã 
806;CLIGIA;76751329325;06/ago;Qua;18;Sorologia para Hepatites;09:00:00;Manhã 
807;CLIEDA;11719773473;05/ago;Ter;18;Raio-x do tórax;08:00:00;Manhã 
808;CLIGIA;98155517357;07/ago;Qui;0;Parasitológico;14:00:00;Tarde
809;CLIEDA;12984943496;05/ago;Ter;18;Exames de retina;13:00:00;Tarde
810;CLIGIA;74241386360;04/ago;Seg;17;Ecocardiograma;08:00:00;Manhã 
811;CLIGIA;37917767990;06/ago;Qua;18;Sorologia para Hepatites;11:00:00;Manhã 
812;CLIGIA;78079716755;08/ago;Sex;18;Raio-x do tórax;11:00:00;Manhã 
813;CLIEDA;90628956081;04/ago;Seg;15;Exames de retina;12:00:00;Manhã 
814;CLIGIA;78656899845;08/ago;Sex;0;Parasitológico;12:00:00;Manhã 
815;CLIGIA;30920397348;04/ago;Seg;15;Sorologia para Hepatites;10:00:00;Manhã 
816;CLIEDA;93907480488;07/ago;Qui;17;Ecocardiograma;14:00:00;Tarde
817;CLIDRI;58022277430;04/ago;Seg;16;Raio-x do tórax;14:00:00;Tarde
818;CLIEDA;99034201119;07/ago;Qui;18;Sorologia para Hepatites;10:00:00;Manhã 
819;CLIGIA;23037316721;04/ago;Seg;0;Parasitológico;14:00:00;Tarde
820;CLIGIA;88952769460;07/ago;Qui;16;Exames de retina;11:00:00;Manhã 
821;CLIEDA;75941948265;07/ago;Qui;15;Exames de retina;09:00:00;Manhã 
822;CLIEDA;40660926776;06/ago;Qua;16;Raio-x do tórax;08:00:00;Manhã 
823;CLIGIA;66514465431;06/ago;Qua;17;Raio-x do tórax;13:00:00;Tarde
824;CLIEDA;25156809816;08/ago;Sex;18;Sorologia para Hepatites;10:00:00;Manhã 
825;CLIDRI;51713448112;06/ago;Qua;16;Raio-x do tórax;08:00:00;Manhã 
826;CLIEDA;53310796441;07/ago;Qui;15;Ecocardiograma;14:00:00;Tarde
827;CLIDRI;60635082556;05/ago;Ter;15;Exames de retina;11:00:00;Manhã 
828;CLIEDA;16783906031;08/ago;Sex;16;Raio-x do tórax;11:00:00;Manhã 
829;CLIGIA;80398454597;04/ago;Seg;17;Ecocardiograma;14:00:00;Tarde
830;CLIGIA;44865372241;07/ago;Qui;0;Parasitológico;14:00:00;Tarde
831;CLIGIA;16960246916;05/ago;Ter;0;Parasitológico;09:00:00;Manhã 
832;CLIEDA;92863452218;08/ago;Sex;16;Parasitológico;13:00:00;Tarde
833;CLIDRI;37642942797;08/ago;Sex;16;Parasitológico;12:00:00;Manhã 
834;CLIEDA;31950368909;08/ago;Sex;17;Ecocardiograma;09:00:00;Manhã 
835;CLIDRI;90990996174;05/ago;Ter;16;Parasitológico;09:00:00;Manhã 
836;CLIDRI;13584787529;07/ago;Qui;18;Ecocardiograma;14:00:00;Tarde
837;CLIDRI;35393770626;07/ago;Qui;0;Sorologia para Hepatites;14:00:00;Tarde
838;CLIDRI;42568798897;06/ago;Qua;17;Parasitológico;11:00:00;Manhã 
839;CLIEDA;86974329360;06/ago;Qua;15;Ecocardiograma;10:00:00;Manhã 
840;CLIEDA;60081338008;07/ago;Qui;15;Parasitológico;11:00:00;Manhã 
841;CLIDRI;41462356122;04/ago;Seg;0;Sorologia para Hepatites;08:00:00;Manhã 
842;CLIGIA;36295452141;08/ago;Sex;18;Sorologia para Hepatites;09:00:00;Manhã 
843;CLIEDA;24877979596;06/ago;Qua;16;Ecocardiograma;09:00:00;Manhã 
844;CLIEDA;39860900137;07/ago;Qui;15;Parasitológico;13:00:00;Tarde
845;CLIGIA;93016039838;05/ago;Ter;17;Raio-x do tórax;10:00:00;Manhã 
846;CLIDRI;60902311674;05/ago;Ter;0;Sorologia para Hepatites;10:00:00;Manhã 
847;CLIGIA;90991460327;07/ago;Qui;17;Ecocardiograma;13:00:00;Tarde
848;CLIEDA;81109017686;07/ago;Qui;18;Raio-x do tórax;08:00:00;Manhã 
849;CLIDRI;77785081736;05/ago;Ter;18;Parasitológico;09:00:00;Manhã 
850;CLIEDA;49411646265;07/ago;Qui;18;Parasitológico;12:00:00;Manhã 
851;CLIEDA;17988609139;05/ago;Ter;16;Parasitológico;08:00:00;Manhã 
852;CLIDRI;16306671618;07/ago;Qui;18;Exames de retina;12:00:00;Manhã 
853;CLIEDA;83649237383;07/ago;Qui;15;Parasitológico;13:00:00;Tarde
854;CLIGIA;69958763556;08/ago;Sex;17;Exames de retina;14:00:00;Tarde
855;CLIDRI;43904451868;04/ago;Seg;16;Exames de retina;09:00:00;Manhã 
856;CLIDRI;42540207425;06/ago;Qua;15;Ecocardiograma;10:00:00;Manhã 
857;CLIDRI;45909332119;04/ago;Seg;16;Parasitológico;10:00:00;Manhã 
858;CLIDRI;91829350014;08/ago;Sex;0;Sorologia para Hepatites;12:00:00;Manhã 
859;CLIDRI;99920006462;05/ago;Ter;0;Sorologia para Hepatites;12:00:00;Manhã 
860;CLIGIA;74509594592;08/ago;Sex;18;Ecocardiograma;11:00:00;Manhã 
861;CLIGIA;17450460893;08/ago;Sex;16;Exames de retina;09:00:00;Manhã 
862;CLIDRI;27209734065;08/ago;Sex;0;Sorologia para Hepatites;10:00:00;Manhã 
863;CLIDRI;36363101346;05/ago;Ter;18;Parasitológico;14:00:00;Tarde
864;CLIDRI;42634900189;06/ago;Qua;0;Sorologia para Hepatites;13:00:00;Tarde
865;CLIGIA;13524604933;06/ago;Qua;17;Raio-x do tórax;14:00:00;Tarde
866;CLIEDA;78935655593;05/ago;Ter;18;Raio-x do tórax;11:00:00;Manhã 
867;CLIDRI;37852272340;04/ago;Seg;16;Parasitológico;08:00:00;Manhã 
868;CLIDRI;32123523200;04/ago;Seg;15;Exames de retina;13:00:00;Tarde
869;CLIDRI;22094443993;06/ago;Qua;0;Sorologia para Hepatites;08:00:00;Manhã 
870;CLIDRI;11290630170;06/ago;Qua;16;Exames de retina;09:00:00;Manhã 
871;CLIDRI;93546033182;04/ago;Seg;16;Exames de retina;14:00:00;Tarde
872;CLIDRI;19993355822;07/ago;Qui;17;Exames de retina;11:00:00;Manhã 
873;CLIDRI;73856723313;08/ago;Sex;0;Sorologia para Hepatites;09:00:00;Manhã 
874;CLIDRI;28462458011;08/ago;Sex;17;Sorologia para Hepatites;09:00:00;Manhã 
875;CLIGIA;33263909200;08/ago;Sex;17;Exames de retina;09:00:00;Manhã 
876;CLIDRI;69415257910;08/ago;Sex;17;Sorologia para Hepatites;09:00:00;Manhã 
877;CLIGIA;88238108787;08/ago;Sex;17;Sorologia para Hepatites;09:00:00;Manhã 
878;CLIGIA;21085591703;08/ago;Sex;17;Exames de retina;09:00:00;Manhã 
879;CLIGIA;34516785326;08/ago;Sex;17;Sorologia para Hepatites;09:00:00;Manhã 
880;CLIEDA;80048765799;08/ago;Sex;17;Sorologia para Hepatites;09:00:00;Manhã 
881;CLIEDA;35435683512;08/ago;Sex;17;Exames de retina;09:00:00;Manhã 
882;CLIDRI;19011177324;08/ago;Sex;17;Sorologia para Hepatites;09:00:00;Manhã 
883;CLIEDA;16816985646;08/ago;Sex;17;Exames de retina;09:00:00;Manhã 
884;CLIDRI;22685957762;08/ago;Sex;2;Sorologia para Hepatites;09:00:00;Manhã 
885;CLIEDA;83447528726;07/ago;Qui;15;Exames de retina;13:00:00;Tarde
886;CLIEDA;57024488704;05/ago;Ter;15;Sorologia para Hepatites;12:00:00;Manhã 
887;CLIDRI;43078509045;07/ago;Qui;18;Exames de retina;08:00:00;Manhã 
888;CLIDRI;98410971826;07/ago;Qui;17;Raio-x do tórax;13:00:00;Tarde
889;CLIEDA;36811547497;08/ago;Sex;17;Ecocardiograma;11:00:00;Manhã 
890;CLIEDA;19200340797;04/ago;Seg;50;Parasitológico;08:00:00;Manhã 
891;CLIDRI;45987783030;05/ago;Ter;16;Parasitológico;10:00:00;Manhã 
892;CLIEDA;49738422865;04/ago;Seg;18;Raio-x do tórax;12:00:00;Manhã 
893;CLIEDA;14371301523;05/ago;Ter;18;Parasitológico;12:00:00;Manhã 
894;CLIEDA;41615572183;04/ago;Seg;60;Parasitológico;12:00:00;Manhã 
895;CLIDRI;61414870571;05/ago;Ter;16;Raio-x do tórax;11:00:00;Manhã 
896;CLIEDA;12483693183;05/ago;Ter;15;Ecocardiograma;09:00:00;Manhã 
897;CLIDRI;46849908816;07/ago;Qui;17;Raio-x do tórax;13:00:00;Tarde
898;CLIGIA;77286031026;07/ago;Qui;17;Sorologia para Hepatites;12:00:00;Manhã 
899;CLIEDA;60251956760;04/ago;Seg;16;Raio-x do tórax;10:00:00;Manhã 
900;CLIEDA;42008495535;08/ago;Sex;15;Exames de retina;09:00:00;Manhã 
901;CLIGIA;15627294686;07/ago;Qui;18;Raio-x do tórax;12:00:00;Manhã 
902;CLIEDA;21877989376;05/ago;Ter;15;Parasitológico;10:00:00;Manhã 
903;CLIGIA;67235131778;05/ago;Ter;15;Ecocardiograma;10:00:00;Manhã 
904;CLIEDA;14560410024;06/ago;Qua;16;Parasitológico;08:00:00;Manhã 
905;CLIGIA;60517881474;04/ago;Seg;16;Exames de retina;09:00:00;Manhã 
906;CLIEDA;91626131651;07/ago;Qui;16;Raio-x do tórax;11:00:00;Manhã 
907;CLIEDA;30429982936;06/ago;Qua;17;Raio-x do tórax;09:00:00;Manhã 
908;CLIEDA;43097853107;04/ago;Seg;18;Sorologia para Hepatites;10:00:00;Manhã 
909;CLIGIA;13989468142;04/ago;Seg;16;Ecocardiograma;11:00:00;Manhã 
910;CLIEDA;62129187517;06/ago;Qua;0;Sorologia para Hepatites;14:00:00;Tarde
911;CLIDRI;68655583082;08/ago;Sex;15;Raio-x do tórax;14:00:00;Tarde
912;CLIEDA;73231700960;07/ago;Qui;18;Ecocardiograma;13:00:00;Tarde
913;CLIEDA;20262110895;05/ago;Ter;16;Parasitológico;10:00:00;Manhã 
914;CLIDRI;38567428558;04/ago;Seg;18;Exames de retina;10:00:00;Manhã 
915;CLIEDA;36204286659;04/ago;Seg;15;Sorologia para Hepatites;14:00:00;Tarde
916;CLIGIA;98362172368;05/ago;Ter;15;Raio-x do tórax;09:00:00;Manhã 
917;CLIEDA;25012716343;05/ago;Ter;15;Exames de retina;10:00:00;Manhã 
918;CLIGIA;57560080766;04/ago;Seg;15;Sorologia para Hepatites;13:00:00;Tarde
919;CLIDRI;14828943215;06/ago;Qua;15;Exames de retina;10:00:00;Manhã 
920;CLIGIA;98067972697;04/ago;Seg;0;Parasitológico;08:00:00;Manhã 
921;CLIEDA;72627940944;06/ago;Qua;0;Sorologia para Hepatites;13:00:00;Tarde
922;CLIDRI;85984718801;06/ago;Qua;17;Raio-x do tórax;10:00:00;Manhã 
923;CLIDRI;38120628223;05/ago;Ter;2;Sorologia para Hepatites;08:00:00;Manhã 
924;CLIEDA;47670015664;04/ago;Seg;17;Sorologia para Hepatites;09:00:00;Manhã 
925;CLIEDA;99024697444;04/ago;Seg;18;Raio-x do tórax;11:00:00;Manhã 
926;CLIDRI;80148806377;07/ago;Qui;18;Ecocardiograma;09:00:00;Manhã 
927;CLIDRI;76566085500;08/ago;Sex;0;Sorologia para Hepatites;13:00:00;Tarde
928;CLIGIA;57196419136;08/ago;Sex;15;Raio-x do tórax;11:00:00;Manhã 
929;CLIGIA;90075646470;05/ago;Ter;18;Raio-x do tórax;12:00:00;Manhã 
930;CLIDRI;85267275568;06/ago;Qua;15;Parasitológico;11:00:00;Manhã 
931;CLIDRI;71543424493;08/ago;Sex;2;Sorologia para Hepatites;08:00:00;Manhã 
932;CLIDRI;13842727217;06/ago;Qua;16;Parasitológico;12:00:00;Manhã 
933;CLIGIA;69861202064;04/ago;Seg;0;Parasitológico;11:00:00;Manhã 
934;CLIDRI;17980959430;07/ago;Qui;2;Sorologia para Hepatites;11:00:00;Manhã 
935;CLIGIA;53943372226;04/ago;Seg;17;Exames de retina;09:00:00;Manhã 
936;CLIEDA;25402768451;06/ago;Qua;16;Raio-x do tórax;13:00:00;Tarde
937;CLIDRI;98040614321;06/ago;Qua;2;Sorologia para Hepatites;08:00:00;Manhã 
938;CLIEDA;82984789658;06/ago;Qua;15;Ecocardiograma;09:00:00;Manhã 
939;CLIEDA;65629134982;06/ago;Qua;16;Parasitológico;12:00:00;Manhã 
940;CLIDRI;56145012250;08/ago;Sex;0;Sorologia para Hepatites;14:00:00;Tarde
941;CLIGIA;45501552405;05/ago;Ter;8;Ecocardiograma;08:00:00;Manhã 
942;CLIDRI;53052239130;04/ago;Seg;8;Exames de retina;11:00:00;Manhã 
943;CLIGIA;27111889958;07/ago;Qui;8;Parasitológico;09:00:00;Manhã 
944;CLIEDA;46490453479;07/ago;Qui;8;Ecocardiograma;11:00:00;Manhã 
945;CLIEDA;84307110772;05/ago;Ter;5;Sorologia para Hepatites;10:00:00;Manhã 
946;CLIDRI;79932867758;06/ago;Qua;8;Raio-x do tórax;10:00:00;Manhã 
947;CLIDRI;62233366043;04/ago;Seg;5;Ecocardiograma;11:00:00;Manhã 
948;CLIEDA;61921799296;05/ago;Ter;6;Parasitológico;10:00:00;Manhã 
949;CLIDRI;93984598409;04/ago;Seg;5;Raio-x do tórax;12:00:00;Manhã 
950;CLIDRI;66600570367;06/ago;Qua;5;Raio-x do tórax;12:00:00;Manhã 
951;CLIEDA;65483697171;06/ago;Qua;5;Parasitológico;11:00:00;Manhã 
952;CLIEDA;85279159473;05/ago;Ter;7;Ecocardiograma;14:00:00;Tarde
953;CLIDRI;16614953135;05/ago;Ter;5;Ecocardiograma;10:00:00;Manhã 
954;CLIDRI;89245990231;05/ago;Ter;5;Parasitológico;14:00:00;Tarde
955;CLIEDA;74927809482;08/ago;Sex;5;Parasitológico;11:00:00;Manhã 
956;CLIDRI;35349318667;07/ago;Qui;8;Raio-x do tórax;13:00:00;Tarde
957;CLIGIA;26726683855;04/ago;Seg;8;Exames de retina;10:00:00;Manhã 
958;CLIGIA;87262873740;04/ago;Seg;8;Sorologia para Hepatites;13:00:00;Tarde
959;CLIEDA;13786410330;07/ago;Qui;7;Ecocardiograma;13:00:00;Tarde
960;CLIEDA;80059554218;05/ago;Ter;8;Raio-x do tórax;08:00:00;Manhã 
961;CLIDRI;52285071653;06/ago;Qua;5;Raio-x do tórax;12:00:00;Manhã 
962;CLIGIA;56846738906;08/ago;Sex;8;Raio-x do tórax;10:00:00;Manhã 
963;CLIDRI;58971381639;04/ago;Seg;6;Raio-x do tórax;13:00:00;Tarde
964;CLIGIA;23406794786;08/ago;Sex;5;Ecocardiograma;08:00:00;Manhã 
965;CLIEDA;24054763894;05/ago;Ter;5;Exames de retina;11:00:00;Manhã 
966;CLIDRI;24300597657;08/ago;Sex;8;Parasitológico;13:00:00;Tarde
967;CLIDRI;73603238160;06/ago;Qua;8;Parasitológico;08:00:00;Manhã 
968;CLIGIA;95343862219;07/ago;Qui;8;Ecocardiograma;11:00:00;Manhã 
969;CLIDRI;39494836847;05/ago;Ter;0;Sorologia para Hepatites;14:00:00;Tarde
970;CLIEDA;23040116534;07/ago;Qui;7;Exames de retina;13:00:00;Tarde
971;CLIGIA;17385449445;04/ago;Seg;8;Exames de retina;10:00:00;Manhã 
972;CLIGIA;63432859971;08/ago;Sex;6;Raio-x do tórax;12:00:00;Manhã 
973;CLIEDA;43668431413;07/ago;Qui;8;Ecocardiograma;13:00:00;Tarde
974;CLIGIA;60937662074;05/ago;Ter;6;Parasitológico;14:00:00;Tarde
975;CLIDRI;24663652525;07/ago;Qui;8;Ecocardiograma;13:00:00;Tarde
976;CLIEDA;76377852256;07/ago;Qui;7;Raio-x do tórax;12:00:00;Manhã 
977;CLIGIA;85961024222;06/ago;Qua;7;Parasitológico;13:00:00;Tarde
978;CLIDRI;20809222612;06/ago;Qua;7;Parasitológico;08:00:00;Manhã 
979;CLIDRI;36361336814;06/ago;Qua;7;Raio-x do tórax;09:00:00;Manhã 
980;CLIGIA;29045229075;04/ago;Seg;8;Ecocardiograma;10:00:00;Manhã 
981;CLIEDA;88428599270;06/ago;Qua;0;Sorologia para Hepatites;13:00:00;Tarde
982;CLIGIA;95493696198;07/ago;Qui;7;Sorologia para Hepatites;11:00:00;Manhã 
983;CLIGIA;42409427332;06/ago;Qua;8;Parasitológico;09:00:00;Manhã 
984;CLIGIA;67595537269;07/ago;Qui;6;Exames de retina;09:00:00;Manhã 
985;CLIDRI;24496658011;04/ago;Seg;0;Sorologia para Hepatites;14:00:00;Tarde
986;CLIEDA;50214752891;04/ago;Seg;7;Ecocardiograma;13:00:00;Tarde
987;CLIEDA;85823542983;07/ago;Qui;8;Exames de retina;13:00:00;Tarde
988;CLIEDA;24399798474;06/ago;Qua;5;Ecocardiograma;10:00:00;Manhã 
989;CLIEDA;93016019110;07/ago;Qui;8;Exames de retina;10:00:00;Manhã 
990;CLIGIA;20920357962;08/ago;Sex;5;Parasitológico;13:00:00;Tarde
991;CLIGIA;17516826183;04/ago;Seg;6;Ecocardiograma;11:00:00;Manhã 
992;CLIEDA;35694184188;04/ago;Seg;45;Raio-x do tórax;09:00:00;Manhã 
993;CLIGIA;28610512909;08/ago;Sex;5;Exames de retina;13:00:00;Tarde
994;CLIEDA;41802562531;08/ago;Sex;8;Ecocardiograma;14:00:00;Tarde
995;CLIGIA;20570949874;08/ago;Sex;6;Ecocardiograma;10:00:00;Manhã 
996;CLIGIA;37327482836;04/ago;Seg;8;Parasitológico;13:00:00;Tarde
997;CLIEDA;41702342674;05/ago;Ter;7;Ecocardiograma;10:00:00;Manhã 
998;CLIDRI;32521293351;04/ago;Seg;5;Exames de retina;10:00:00;Manhã 
999;CLIDRI;18760157267;08/ago;Sex;5;Ecocardiograma;12:00:00;Manhã 
